"compresion","imagen","peso","resolucion","tasa_compresion"
"Diff/Luma","113",2173865,"720p",1.00110616667196
"Diff/Luma","83",2075422,"720p",1.00251810324465
"Diff/Luma","54",2274620,"720p",1.00273052768748
"Diff/Luma","28",1731715,"720p",1.00469592793311
"Diff/Luma","113",4523369,"1080p",1.00489968040443
"Diff/Luma","62",2846812,"720p",1.00553593447725
"Diff/Luma","105",2325891,"720p",1.00561632339646
"Diff/Luma","78",1884267,"720p",1.00659590153425
"Diff/Luma","114",2097779,"720p",1.00660359296493
"Diff/Luma","54",4748350,"1080p",1.00742400640902
"Diff/Luma","21",1815429,"720p",1.00873026148
"Diff/Luma","51",1791529,"720p",1.0088148096009
"Diff/Luma","83",4415443,"1080p",1.00914123954449
"Diff/Luma","55",1599633,"720p",1.00944552949677
"Diff/Luma","8",1789045,"720p",1.01014638002343
"Diff/Luma","105",4769863,"1080p",1.01125707741279
"Diff/Luma","97",1963951,"720p",1.01226291247264
"Diff/Luma","43",1582708,"720p",1.01429893437307
"Diff/Luma","114",4224318,"1080p",1.01570448494507
"Diff/Luma","94",1862565,"720p",1.01703536210929
"Diff/Luma","75",2728893,"720p",1.01737471241913
"Diff/Luma","12",2528003,"720p",1.01738568409649
"Diff/Luma","1",1655266,"720p",1.01740684693899
"Diff/Luma","62",6031835,"1080p",1.01765730971085
"Diff/Luma","28",3738041,"1080p",1.01795535914395
"Diff/Luma","106",1652087,"720p",1.01817519579735
"Diff/Luma","108",1881601,"720p",1.01833389708966
"Diff/Luma","78",4133721,"1080p",1.01901325053148
"Diff/Luma","3",1634786,"720p",1.01917547573983
"Diff/Luma","42",2076089,"720p",1.01926755313613
"Diff/Luma","115",1720650,"720p",1.0200766547011
"Diff/Luma","36",2148366,"720p",1.02043321124736
"Diff/Luma","88",1561322,"720p",1.02045522131991
"Diff/Luma","50",1806553,"720p",1.02066755858285
"Diff/Luma","81",1740538,"720p",1.02206568441673
"Diff/Luma","66",1853847,"720p",1.02230394711374
"Diff/Luma","75",5799800,"1080p",1.02274775243431
"Diff/Luma","47",1681355,"720p",1.0234186164427
"Diff/Luma","44",1619576,"720p",1.02475429512931
"Diff/Luma","39",1786642,"720p",1.02498316212436
"Diff/Luma","37",1783343,"720p",1.0252491629413
"Diff/Luma","51",3772715,"1080p",1.02525224251806
"Diff/Luma","21",3900136,"1080p",1.02547048391316
"Diff/Luma","12",5365164,"1080p",1.02738446443022
"Diff/Luma","68",1564407,"720p",1.02924086260051
"Diff/Luma","97",4259859,"1080p",1.03112977318751
"Diff/Luma","71",1649953,"720p",1.0320843505909
"Diff/Luma","93",1740885,"720p",1.03297061268519
"Diff/Luma","55",3356903,"1080p",1.03537781895694
"Diff/Luma","8",3830114,"1080p",1.03549142608879
"Diff/Luma","94",4282856,"1080p",1.03573440100835
"Diff/Luma","86",1791407,"720p",1.03585463166416
"Diff/Luma","19",2163298,"720p",1.03585836312871
"Diff/Luma","15",1666636,"720p",1.03808815523773
"Diff/Luma","36",4866480,"1080p",1.03835407454032
"Diff/Luma","108",4211460,"1080p",1.03935648378031
"Diff/Luma","106",3510220,"1080p",1.0395157048837
"Diff/Luma","42",4301198,"1080p",1.04055888092209
"Diff/Luma","116",1455038,"720p",1.04105215785516
"Diff/Luma","50",3863875,"1080p",1.04207121050304
"Diff/Luma","1",3545729,"1080p",1.04407105761646
"Diff/Luma","107",1532415,"720p",1.04694108861951
"Diff/Luma","66",3898769,"1080p",1.04739367813853
"Diff/Luma","19",4784578,"1080p",1.04797865746146
"Diff/Luma","39",3751035,"1080p",1.04925200582608
"Diff/Luma","43",3389944,"1080p",1.04926261000803
"Diff/Luma","48",1713156,"720p",1.04951507996846
"Diff/Luma","56",1836456,"720p",1.05001903973415
"Diff/Luma","84",1494718,"720p",1.05052539693807
"Diff/Luma","115",3566388,"1080p",1.05135793486948
"Diff/Luma","47",3623450,"1080p",1.05181528086483
"Diff/Luma","37",3779586,"1080p",1.05267312172657
"Diff/Luma","81",3610243,"1080p",1.0531123793633
"Diff/Luma","26",1546850,"720p",1.05608080245346
"Diff/Luma","44",3440941,"1080p",1.05620740450613
"Diff/Luma","46",1497918,"720p",1.05649004637385
"Diff/Luma","80",1553551,"720p",1.05655854101094
"Diff/Luma","71",3449663,"1080p",1.05685581944811
"Diff/Luma","86",3741083,"1080p",1.05700555078063
"Diff/Luma","3",3560623,"1080p",1.05747436741577
"Diff/Luma","70",1594386,"720p",1.05873001749071
"Diff/Luma","90",1554359,"720p",1.06010078861739
"Diff/Luma","88",3472444,"1080p",1.06040545550378
"Diff/Luma","99",1536537,"720p",1.06059719191826
"Diff/Luma","74",1835988,"720p",1.06088576450725
"Diff/Luma","118",1534987,"720p",1.06224239538727
"Diff/Luma","77",1575953,"720p",1.06467124930332
"Diff/Luma","2",1478915,"720p",1.06970555729149
"Diff/Luma","85",1384021,"720p",1.07057818853803
"Diff/Luma","93",3734692,"1080p",1.07246991093315
"Diff/Luma","68",3299846,"1080p",1.07336569194008
"Diff/Luma","23",1507497,"720p",1.07391545009436
"Diff/Luma","15",3719976,"1080p",1.07788992992221
"Diff/Luma","111",1767494,"720p",1.07828004141097
"Diff/Luma","64",1855405,"720p",1.08016510401961
"Diff/Luma","56",4065728,"1080p",1.08391665067076
"Diff/Luma","69",1465655,"720p",1.08398176766119
"Diff/Luma","100",1315920,"720p",1.08699459112972
"Diff/Luma","91",1674955,"720p",1.0892840187661
"Diff/Luma","82",1388955,"720p",1.08961148483006
"Diff/Luma","18",1680415,"720p",1.09267994205025
"Diff/Luma","27",1383807,"720p",1.09466104282589
"Diff/Luma","48",3767588,"1080p",1.09503043633945
"Diff/Luma","107",3396206,"1080p",1.0968134270757
"Diff/Luma","74",4093037,"1080p",1.09732336484077
"Diff/Luma","24",1236779,"720p",1.09893711925732
"Diff/Luma","49",1817554,"720p",1.09917034003419
"Diff/Luma","26",3256857,"1080p",1.10180935391623
"Diff/Luma","70",3626571,"1080p",1.10192441794219
"Diff/Luma","41",1588018,"720p",1.1021358845963
"Diff/Luma","72",1345425,"720p",1.10256517420763
"Diff/Luma","32",1243997,"720p",1.10531529994633
"Diff/Luma","92",1300117,"720p",1.10934324257447
"Diff/Luma","87",1140048,"720p",1.10964592105494
"Diff/Luma","101",1415048,"720p",1.11151450693239
"Diff/Luma","59",1196940,"720p",1.11207324256676
"Diff/Luma","118",3346666,"1080p",1.11224270381381
"Diff/Luma","96",1513411,"720p",1.11432703132743
"Diff/Luma","84",3354101,"1080p",1.11513728342917
"Diff/Luma","77",3355876,"1080p",1.11519573471717
"Diff/Luma","99",3278692,"1080p",1.11554361235998
"Diff/Luma","111",3797156,"1080p",1.11636272977547
"Diff/Luma","116",2991634,"1080p",1.11651547824581
"Diff/Luma","5",1355986,"720p",1.11668213512487
"Diff/Luma","20",1489310,"720p",1.11952269699949
"Diff/Luma","4",1131511,"720p",1.12017704862204
"Diff/Luma","34",1763722,"720p",1.12093161302952
"Diff/Luma","30",1305298,"720p",1.12301377335099
"Diff/Luma","46",3123622,"1080p",1.1245977564368
"Diff/Luma","52",1834276,"720p",1.12496174540316
"Diff/Luma","80",3276507,"1080p",1.12557107194055
"Diff/Luma","90",3394139,"1080p",1.12613376023358
"Diff/Luma","2",3281924,"1080p",1.12901904137115
"Diff/Luma","64",4325097,"1080p",1.12909892877673
"Diff/Luma","91",3557652,"1080p",1.12917065126003
"Diff/Luma","49",4034685,"1080p",1.13024586377555
"Diff/Luma","95",1275095,"720p",1.13025206732078
"Diff/Luma","23",3198334,"1080p",1.13473681148129
"Diff/Luma","53",1156212,"720p",1.1352540745301
"Diff/Luma","104",1335850,"720p",1.13634430334953
"Diff/Luma","82",3049064,"1080p",1.14252140074905
"Diff/Luma","85",2928864,"1080p",1.14423812822235
"Diff/Luma","35",1404437,"720p",1.14444720598122
"Diff/Luma","69",3115766,"1080p",1.14787729905849
"Diff/Luma","18",3854489,"1080p",1.14801942628947
"Diff/Luma","16",1186425,"720p",1.15298945868752
"Diff/Luma","61",1373361,"720p",1.15355850229685
"Diff/Luma","41",3448359,"1080p",1.15760135594449
"Diff/Luma","57",1360281,"720p",1.16740873350303
"Diff/Luma","33",1289307,"720p",1.17104758825271
"Diff/Luma","40",1214536,"720p",1.17137662813632
"Diff/Luma","73",1394055,"720p",1.17184308345648
"Diff/Luma","72",2858230,"1080p",1.17394270486999
"Diff/Luma","38",1752803,"720p",1.17446166690453
"Diff/Luma","34",3784392,"1080p",1.17747252952399
"Diff/Luma","22",1240056,"720p",1.1802379975692
"Diff/Luma","11",1159008,"720p",1.18144843150806
"Diff/Luma","52",3774419,"1080p",1.18361084787178
"Diff/Luma","102",1264649,"720p",1.18433675590834
"Diff/Luma","27",2896472,"1080p",1.1929982087349
"Diff/Luma","20",3116818,"1080p",1.19321850917458
"Diff/Luma","79",1233045,"720p",1.19792774806546
"Diff/Luma","76",1265158,"720p",1.20133811403026
"Diff/Luma","101",3120706,"1080p",1.20199640330027
"Diff/Luma","17",1204680,"720p",1.20267874257236
"Diff/Luma","100",2799734,"1080p",1.20304726448327
"Diff/Luma","92",2764546,"1080p",1.20315090164095
"Diff/Luma","38",4051425,"1080p",1.20393485823676
"Diff/Luma","96",3189597,"1080p",1.20641538536603
"Diff/Luma","60",1577578,"720p",1.2093168368442
"Diff/Luma","58",1362043,"720p",1.21286000635796
"Diff/Luma","24",2583643,"1080p",1.21634372295921
"Diff/Luma","32",2662469,"1080p",1.23254236754587
"Diff/Luma","87",2437137,"1080p",1.23306378128085
"Diff/Luma","112",1478602,"720p",1.23468503299225
"Diff/Luma","30",2767532,"1080p",1.23508796357659
"Diff/Luma","5",2889944,"1080p",1.2361683343143
"Diff/Luma","95",2749126,"1080p",1.23675119586875
"Diff/Luma","59",2569062,"1080p",1.24601602175941
"Diff/Luma","110",1281798,"720p",1.24602221029793
"Diff/Luma","73",2967487,"1080p",1.24791868959343
"Diff/Luma","67",1435846,"720p",1.25029040151166
"Diff/Luma","61",2971781,"1080p",1.26277678393113
"Diff/Luma","35",2954982,"1080p",1.27061515777868
"Diff/Luma","57",3067071,"1080p",1.27164841124332
"Diff/Luma","89",1187232,"720p",1.27190800341966
"Diff/Luma","16",2550823,"1080p",1.27369455973348
"Diff/Luma","58",2959984,"1080p",1.27400786101532
"Diff/Luma","6",1033836,"720p",1.27692875855178
"Diff/Luma","104",2835060,"1080p",1.28839600137608
"Diff/Luma","25",1219084,"720p",1.2978298246081
"Diff/Luma","112",3195749,"1080p",1.30343769947202
"Diff/Luma","4",2404813,"1080p",1.30430677077345
"Diff/Luma","60",3365705,"1080p",1.31722970844248
"Diff/Luma","22",2641327,"1080p",1.31877172196484
"Diff/Luma","33",2847452,"1080p",1.32275053131569
"Diff/Luma","53",2502864,"1080p",1.324240742377
"Diff/Luma","65",1266300,"720p",1.33756972780673
"Diff/Luma","109",1386605,"720p",1.33922845420408
"Diff/Luma","67",3154761,"1080p",1.34025575121609
"Diff/Luma","40",2603713,"1080p",1.34027411729824
"Diff/Luma","79",2651152,"1080p",1.34349213942531
"Diff/Luma","76",2783260,"1080p",1.34931612110035
"Diff/Luma","45",1255840,"720p",1.35132023375654
"Diff/Luma","11",2491728,"1080p",1.35327256700707
"Diff/Luma","110",2756590,"1080p",1.37035720588491
"Diff/Luma","14",1134140,"720p",1.3821974470284
"Diff/Luma","17",2624126,"1080p",1.3858175984047
"Diff/Luma","29",1130275,"720p",1.39082524779583
"Diff/Luma","102",2648746,"1080p",1.40001363677447
"Diff/Luma","89",2581067,"1080p",1.43852459473227
"Diff/Luma","13",1095207,"720p",1.44504331671738
"Diff/Luma","98",1201327,"720p",1.45844679453638
"Diff/Luma","65",2782456,"1080p",1.46619066312913
"Diff/Luma","25",2620787,"1080p",1.47480390154195
"Diff/Luma","45",2760960,"1080p",1.52618149496093
"Diff/Luma","7",1114341,"720p",1.59137464690577
"Index","62",4517454,"720p",1.59563129892245
"Diff/Luma","109",2890427,"1080p",1.61403872227223
"Run","62",4592149,"720p",1.62201467324635
"Index","75",4377862,"720p",1.63213658185229
"Run","75",4416880,"720p",1.64668311281894
"Index","62",9808406,"1080p",1.65481914914976
"Diff/Luma","6",2317026,"1080p",1.6565378532883
"Diff/Luma","98",2536615,"1080p",1.66834491113745
"Diff/Luma","13",2357050,"1080p",1.68814100727669
"Diff/Luma","29",2478008,"1080p",1.6916739599106
"Index","75",9658498,"1080p",1.70319788982229
"Diff/Luma","14",2472520,"1080p",1.71011487590788
"Run","75",9779407,"1080p",1.72451921262636
"Run","62",10247735,"1080p",1.72894026954147
"Index","12",4407066,"720p",1.77360780713803
"Run","12",4508577,"720p",1.81446054274725
"Index","12",9619854,"1080p",1.84212235631323
"Index","19",8448934,"1080p",1.8505921546896
"Index","58",4308878,"1080p",1.85458585051675
"Diff/Luma","7",2460912,"1080p",1.87782485013491
"Diff/Luma","10",1046638,"720p",1.88326213927645
"Diff/Luma","117",1115633,"720p",1.88795945305625
"Index","19",3967854,"720p",1.89993923609864
"Run","12",9967910,"1080p",1.90877219724106
"Index","49",6903974,"1080p",1.93402658624253
"Index","105",4526250,"720p",1.95695795021058
"Index","36",9188114,"1080p",1.96045511524572
"Run","105",4546272,"720p",1.96561461126092
"Index","49",3292810,"720p",1.99133510606452
"Index","54",4540446,"720p",2.00158435849351
"Run","54",4580632,"720p",2.01929972588923
"Index","38",6802302,"1080p",2.02139456957826
"Index","112",4970162,"1080p",2.02716061971176
"Index","36",4282310,"720p",2.03401624530303
"Index","48",7081266,"1080p",2.05813422216435
"Index","108",8357606,"1080p",2.06259396622103
"Run","36",9671582,"1080p",2.06361201051907
"Index","82",5539114,"1080p",2.07557345014361
"Index","60",2709242,"720p",2.0768113942293
"Index","52",3421438,"720p",2.09836843761174
"Run","36",4422747,"720p",2.10072116377965
"Index","70",6926958,"1080p",2.1047386531961
"Run","52",3436413,"720p",2.10755260735359
"Index","42",4294070,"720p",2.10819778048785
"Index","69",5728626,"1080p",2.11047933002551
"Index","113",4586678,"720p",2.11225243073449
"Index","38",3157010,"720p",2.11534737619361
"Index","58",2376838,"720p",2.11650568432263
"Run","113",4597564,"720p",2.11726564072241
"Index","73",5038022,"1080p",2.11864173705996
"Index","54",10003822,"1080p",2.12244051905245
"Index","105",10012898,"1080p",2.1228311940851
"Run","19",4460109,"720p",2.13564714991446
"Index","114",4458066,"720p",2.1391696900745
"Index","112",2563462,"720p",2.14058155206362
"Index","74",7989454,"1080p",2.1419338614629
"Run","19",9788057,"1080p",2.14390377458915
"Run","105",10127945,"1080p",2.14722227051331
"Run","54",10186186,"1080p",2.16113140567723
"Run","42",4424210,"720p",2.17209074430835
"Run","52",6951972,"1080p",2.18005194264358
"Index","64",8367214,"1080p",2.18432381152276
"Index","18",7338038,"1080p",2.18555823478814
"Run","114",4557961,"720p",2.18710356009572
"Index","48",3576874,"720p",2.19126757992098
"Index","42",9059746,"1080p",2.191761262606
"Index","73",2614586,"720p",2.19782183644271
"Index","83",4561090,"720p",2.20320267180753
"Index","97",9113898,"1080p",2.20608512572696
"Index","94",9127178,"1080p",2.2072496107099
"Index","52",7043358,"1080p",2.20870945548029
"Index","108",4082878,"720p",2.2096783882883
"Diff/Luma","117",2451840,"1080p",2.20995590615908
"Index","82",2817758,"720p",2.21048304536273
"Index","86",3823106,"720p",2.21065456227593
"Index","74",3830458,"720p",2.21334690844542
"Diff/Luma","103",1058591,"720p",2.21488037326471
"Run","83",4587724,"720p",2.21606803950712
"Index","16",4439086,"1080p",2.21655508374711
"Index","56",8347454,"1080p",2.2254180263186
"Index","60",5688670,"1080p",2.22636420171271
"Index","92",5118638,"1080p",2.22766918144014
"Index","97",4334570,"720p",2.23413132635006
"Index","72",5449446,"1080p",2.23821644069335
"Index","69",3027110,"720p",2.23881612569457
"Index","111",3680458,"720p",2.24530572927057
"Run","60",5740430,"1080p",2.24662141668222
"Index","41",6699858,"1080p",2.24911753835246
"Index","113",10129990,"1080p",2.25045175697585
"Index","86",7969366,"1080p",2.25166458434695
"Run","60",2940170,"720p",2.25383282740012
"Index","34",7262734,"1080p",2.25972092062342
"Index","37",8153666,"1080p",2.27092201149433
"Run","113",10228100,"1080p",2.27224761480759
"Index","70",3429658,"720p",2.2774170585587
"Index","83",10003886,"1080p",2.286369435253
"Index","34",3597882,"720p",2.28663002091591
"Index","66",4159646,"720p",2.29383682925067
"Index","56",4013222,"720p",2.29461501428838
"Run","74",8559958,"1080p",2.29488321641257
"Index","111",7809082,"1080p",2.29586777539834
"Index","64",3952942,"720p",2.30129271324238
"Run","42",9515631,"1080p",2.30205034611929
"Index","37",4010094,"720p",2.30541489596556
"Index","114",9604462,"1080p",2.30931836307884
"Run","97",4483370,"720p",2.31082607147146
"Run","111",3797027,"720p",2.31641998829902
"Run","74",4020114,"720p",2.32293550627579
"Index","93",8105994,"1080p",2.32775143524677
"Run","83",10185822,"1080p",2.32795056778212
"Index","66",8672798,"1080p",2.32992357253597
"Run","94",9659554,"1080p",2.33599550771676
"Index","94",4283314,"720p",2.33886162631521
"Run","97",9679760,"1080p",2.34305612775201
"Index","101",6092050,"1080p",2.34646332872287
"Index","18",3615758,"720p",2.35112531244229
"Index","57",5687530,"1080p",2.35812554988088
"Run","111",8035464,"1080p",2.3624240157772
"Index","16",2432222,"720p",2.36367771008524
"Index","2",6871262,"1080p",2.36379198185271
"Run","66",4302217,"720p",2.37245760865909
"Run","108",9616114,"1080p",2.37318422463245
"Index","93",4004146,"720p",2.37589797539813
"Index","90",7166350,"1080p",2.3777071807165
"Run","108",4398767,"720p",2.38063943498085
"Index","50",4215134,"720p",2.38146931137894
"Index","92",2792722,"720p",2.38292959717399
"Index","39",4164014,"720p",2.38886371016136
"Index","95",5320730,"1080p",2.39364044805321
"Index","39",8562730,"1080p",2.39519536017316
"Index","77",7210642,"1080p",2.39617828637663
"Index","78",4492650,"720p",2.40002243685628
"Index","50",8900330,"1080p",2.40038242877332
"Index","8",8881042,"1080p",2.40103632574239
"Run","114",10004265,"1080p",2.40544789219916
"Index","78",9762466,"1080p",2.40656837069146
"Index","80",7027206,"1080p",2.41404025389449
"Index","5",5651594,"1080p",2.41745914149226
"Index","84",7272526,"1080p",2.41789525339518
"Run","109",4336697,"1080p",2.4216480418851
"Run","94",4435772,"720p",2.42210982288094
"Index","41",3491722,"720p",2.42336806965309
"Index","118",7299470,"1080p",2.42593143421177
"Index","81",4140782,"720p",2.43151898369957
"Index","15",8396514,"1080p",2.43295061232946
"Run","78",4558821,"720p",2.43537170391897
"Index","91",3745318,"720p",2.4357162088516
"Index","81",8351750,"1080p",2.43621587642368
"Run","66",9090817,"1080p",2.44222323890292
"Diff/Luma","10",2307625,"1080p",2.45105849188672
"Run","50",4346901,"720p",2.45591512182114
"Index","107",7613554,"1080p",2.45881676640518
"Index","71",3934946,"720p",2.46140113507492
"Index","8",4361902,"720p",2.46285561029318
"Index","106",8318374,"1080p",2.46340127174258
"Index","118",3562050,"720p",2.46501144601825
"Index","71",8062318,"1080p",2.47001162042241
"Run","91",3810065,"720p",2.47782353254868
"Run","109",2565638,"720p",2.47797708272164
"Run","37",4310320,"720p",2.47801571094799
"Index","80",3646922,"720p",2.48024467011428
"Run","56",4338562,"720p",2.48063264519656
"Index","91",7826630,"1080p",2.48411055782614
"Index","33",5353286,"1080p",2.48680641527402
"Index","99",7311638,"1080p",2.48771493839266
"Index","61",5856974,"1080p",2.48876037342194
"Run","78",10098498,"1080p",2.48940440645744
"Index","21",4481122,"720p",2.48990369041355
"Run","48",8567738,"1080p",2.49016980640721
"Index","5",3030086,"720p",2.49533763924701
"Index","26",7380842,"1080p",2.49697200564157
"Index","47",8603358,"1080p",2.49738327040545
"Index","57",2914870,"720p",2.50157481801626
"Index","77",3704978,"720p",2.50298299245047
"Run","93",4220782,"720p",2.50444099900375
"Index","115",4224650,"720p",2.5045574865795
"Index","95",2826782,"720p",2.50567698827551
"Index","115",8501902,"1080p",2.50632912885045
"Index","21",9537970,"1080p",2.50783734501803
"Run","34",3947680,"720p",2.50894376218268
"Run","50",9304010,"1080p",2.50925326601724
"Run","56",9418427,"1080p",2.51093773327362
"Run","67",5911212,"1080p",2.51129511226289
"Index","100",5844550,"1080p",2.51140640133517
"Index","51",4459958,"720p",2.51141437319631
"Run","96",6658736,"1080p",2.51856317819796
"Run","86",4356436,"720p",2.5190447554065
"Run","93",8772575,"1080p",2.51916964743126
"Index","1",8556838,"1080p",2.51963613138869
"Run","37",9050049,"1080p",2.5205785323071
"Index","24",5355590,"1080p",2.52133838895046
"Index","68",7767386,"1080p",2.52655598123539
"Index","90",3707522,"720p",2.52859667297988
"Run","48",4134053,"720p",2.53260705089838
"Index","53",4788606,"1080p",2.53360436859173
"Run","8",4489685,"720p",2.53500557570967
"Run","21",4563148,"720p",2.53548085615683
"Index","88",8308210,"1080p",2.5371384562202
"Index","106",4120558,"720p",2.53948487485486
"Index","3",8551702,"1080p",2.53978184794576
"Index","76",5243910,"1080p",2.54223187937863
"Run","67",2920202,"720p",2.54282181450876
"Index","96",6726542,"1080p",2.54420974157889
"Index","67",2927546,"720p",2.54921674314922
"Run","8",9430583,"1080p",2.54960761990864
"Run","39",4450671,"720p",2.55331668860084
"Index","47",4196638,"720p",2.55443820946252
"Index","101",3253294,"720p",2.55544933904441
"Index","61",3047854,"720p",2.56005368978693
"Run","51",4546405,"720p",2.56009291194482
"Run","91",8072962,"1080p",2.56229438942805
"Index","15",4118474,"720p",2.56525064684463
"Index","44",8361710,"1080p",2.5666525570572
"Index","51",9446482,"1080p",2.56712390265537
"Index","72",3133102,"720p",2.56755237374085
"Index","68",3905914,"720p",2.56974450677056
"Index","1",4188834,"720p",2.57466074473277
"Run","96",3498395,"720p",2.57587404529286
"Diff/Luma","103",2347167,"1080p",2.57597261563889
"Index","65",4890670,"1080p",2.57709544749163
"Index","96",3502742,"720p",2.57907474860821
"Index","99",3746726,"720p",2.58618378502251
"Index","44",4088050,"720p",2.5866318074628
"Index","46",7184858,"1080p",2.58676471964821
"Index","26",3792394,"720p",2.58918091524044
"Index","67",6095338,"1080p",2.58951844849927
"Index","85",6630518,"1080p",2.59038709392604
"Run","70",8563182,"1080p",2.60190117361085
"Run","90",7855346,"1080p",2.60630761701739
"Index","28",9579706,"1080p",2.60877637824824
"Index","2",3613838,"720p",2.61390451226145
"Index","28",4507482,"720p",2.61512362636566
"Index","17",4974082,"1080p",2.62684427939361
"Run","86",9299172,"1080p",2.62738795735454
"Run","115",4433318,"720p",2.62826501302774
"Index","43",8505742,"1080p",2.63271518673314
"Run","81",4483575,"720p",2.63281132098739
"Run","80",7677482,"1080p",2.63742810393638
"Run","63",874901,"720p",2.63887640517218
"Run","28",4553182,"720p",2.64163757577797
"Run","21",10050235,"1080p",2.64252819616829
"Run","33",5693078,"1080p",2.64465281568281
"Index","107",3872290,"720p",2.64553629927301
"Run","64",4548426,"720p",2.64796690933542
"Index","23",7470458,"1080p",2.65044354067614
"Run","64",10164980,"1080p",2.65364407527436
"Run","118",7992372,"1080p",2.65621291254215
"Index","30",5952038,"1080p",2.6562621471226
"Index","33",2925502,"720p",2.65716548620963
"Run","35",6182828,"1080p",2.65855933292943
"Run","39",9511853,"1080p",2.66068720749681
"Run","49",4401938,"720p",2.66208304582391
"Index","23",3742902,"720p",2.6663802886434
"Run","80",3929382,"720p",2.67234362630816
"Run","106",4345039,"720p",2.67783169686108
"Run","34",8630059,"1080p",2.68514926589828
"Index","3",4308342,"720p",2.6859518661769
"Index","76",2830474,"720p",2.6876929972159
"Run","118",3883985,"720p",2.68779704977841
"Index","46",3812562,"720p",2.68902156472061
"Index","109",2789954,"720p",2.69462881117584
"Run","20",3587867,"720p",2.69701978789874
"Index","85",3486918,"720p",2.69722667215355
"Run","28",9908745,"1080p",2.69838133801657
"Run","51",9934346,"1080p",2.69970313539461
"Run","47",4444673,"720p",2.70541384312071
"Run","31",906116,"1080p",2.7096932397921
"Index","55",8796042,"1080p",2.71298479027056
"Index","32",5863486,"1080p",2.71439589212571
"Run","43",8772521,"1080p",2.7152891849571
"Index","24",3056566,"720p",2.71590464817066
"Run","90",3985179,"720p",2.71796373983196
"Index","116",7288958,"1080p",2.72033090521221
"Run","63",1902589,"1080p",2.72042878529421
"Index","35",3343382,"720p",2.7244541324587
"Index","110",5483826,"1080p",2.72612193867025
"Run","70",4106051,"720p",2.72656649459275
"Run","20",7124160,"1080p",2.72735834248941
"Index","30",3174482,"720p",2.73116714287066
"Run","45",4942448,"1080p",2.73204706964485
"Index","20",3636846,"720p",2.73383757746326
"Index","35",6358594,"1080p",2.73413710085564
"Run","71",4371427,"720p",2.73443025131657
"Index","84",3892838,"720p",2.73598443663996
"Run","49",9773863,"1080p",2.7379753881304
"Run","35",3360943,"720p",2.73876423492982
"Index","55",4341362,"720p",2.73960868700956
"Index","17",2744282,"720p",2.73972310076033
"Run","68",4172714,"720p",2.74527521082764
"Index","87",5426106,"1080p",2.74532567598403
"Index","102",5200870,"1080p",2.74895702460381
"Index","88",4207738,"720p",2.75011061910753
"Index","43",4292150,"720p",2.75067995560101
"Run","44",4349328,"720p",2.75195023199045
"Run","1",4477291,"720p",2.75196042155056
"Index","100",3332210,"720p",2.75251857750346
"Index","22",2892230,"720p",2.75271418686702
"Run","31",458424,"720p",2.75745418017552
"Run","104",6077936,"1080p",2.76212441324688
"Run","68",8491936,"1080p",2.76223580147403
"Index","116",3864266,"720p",2.76480920623814
"Index","45",5001862,"1080p",2.76488946770263
"Run","106",9342190,"1080p",2.76659389525655
"Run","5",6483110,"1080p",2.77313861094762
"Run","23",3898647,"720p",2.77733040116432
"Run","115",9424999,"1080p",2.77845469555945
"Run","47",9588490,"1080p",2.78334744578222
"Index","22",5578814,"1080p",2.78541132745077
"Index","7",1951758,"720p",2.7872780397522
"Run","15",4482247,"720p",2.79183188143652
"Index","45",2594882,"720p",2.79216823067479
"Run","23",7876468,"1080p",2.79449181481809
"Run","55",4432476,"720p",2.7971060129428
"Run","43",4370248,"720p",2.80073007108452
"Run","99",4067910,"720p",2.80788156938375
"Index","104",6181090,"1080p",2.80900285713377
"Index","20",7343474,"1080p",2.81131881888588
"Run","81",9640216,"1080p",2.81206301330304
"Run","44",9163187,"1080p",2.8126683829436
"Index","65",2663058,"720p",2.81293987537987
"Index","11",5185246,"1080p",2.81613850507886
"Run","29",4125738,"1080p",2.81653793692903
"Run","3",4525466,"720p",2.82131359302955
"Run","14",4085918,"1080p",2.82601926517875
"Index","25",2656090,"720p",2.82765815878423
"Run","9",911264,"1080p",2.83124339775057
"Run","55",9181232,"1080p",2.83178988594476
"Index","7",3713650,"1080p",2.83373979024992
"Index","25",5046578,"1080p",2.83987707655591
"Run","107",8797480,"1080p",2.84116870072955
"Run","116",7616871,"1080p",2.84271216576013
"Run","99",8363298,"1080p",2.84553220069559
"Run","15",9838817,"1080p",2.85086832996973
"Run","10",2686299,"1080p",2.85326947649501
"Run","71",9314614,"1080p",2.85367121710521
"Run","77",4226115,"720p",2.85504906348697
"Run","45",2654523,"720p",2.85634367504786
"Run","27",6935919,"1080p",2.85676469267797
"Run","1",9714625,"1080p",2.86055668611371
"Index","110",2945146,"720p",2.86294511972253
"Index","102",3062530,"720p",2.86804231456474
"Run","107",4197998,"720p",2.86805897628419
"Run","61",6749706,"1080p",2.86810233834884
"Run","18",4412347,"720p",2.86910261112021
"Run","88",9403469,"1080p",2.87160565534267
"Run","116",4014189,"720p",2.87207627600684
"Index","27",6973614,"1080p",2.87229050044627
"Run","69",7804021,"1080p",2.87507423448223
"Index","109",5150822,"1080p",2.8762622821928
"Run","77",8680962,"1080p",2.88478233273274
"Index","53",2940066,"720p",2.88677327850551
"Run","33",3188197,"720p",2.89576525042099
"Run","57",6993551,"1080p",2.89961921915049
"Run","117",3218617,"1080p",2.90108720341214
"Run","69",3925089,"720p",2.90295118049439
"Index","59",5986718,"1080p",2.90360705415262
"Run","88",4443591,"720p",2.90426038790216
"Run","3",9783482,"1080p",2.90560990002973
"Index","29",2362666,"720p",2.90730620858533
"Run","46",4126827,"720p",2.91067444853914
"Run","18",9772879,"1080p",2.91075028175625
"Index","13",2208270,"720p",2.91364628331218
"Index","79",5751186,"1080p",2.91445876485877
"Index","11",2860518,"720p",2.91590265502963
"Run","5",3542300,"720p",2.91715631817205
"Run","61",3475640,"720p",2.91937376474432
"Run","26",4290179,"720p",2.92903363673852
"Index","13",4091002,"1080p",2.93001346473386
"Index","27",3704726,"720p",2.93062488233126
"Run","101",7611772,"1080p",2.93181176526777
"Index","104",3454246,"720p",2.93836341241
"Run","104",3456029,"720p",2.93988012603269
"Run","79",5817003,"1080p",2.94781204756024
"Run","27",3728650,"720p",2.94954997144308
"Index","87",3037550,"720p",2.95654653795316
"Index","29",4333094,"1080p",2.95809468155262
"Index","40",5747342,"1080p",2.95847266033587
"Run","117",1749667,"720p",2.96092025993366
"Run","46",8230417,"1080p",2.96319736918849
"Run","89",5322090,"1080p",2.96619861490565
"Index","4",5469586,"1080p",2.96655833660565
"Run","101",3777278,"720p",2.96703666145359
"Index","32",3341938,"720p",2.96937629501683
"Run","22",5961679,"1080p",2.97656961089317
"Run","6",4170081,"1080p",2.98136362206481
"Index","6",4172606,"1080p",2.9831688491445
"Run","103",2719808,"1080p",2.98493925988035
"Run","17",5654452,"1080p",2.98615199534421
"Run","38",10076923,"1080p",2.99449178090862
"Index","89",5381670,"1080p",2.99940476389525
"Run","38",4482934,"720p",3.00377973923083
"Run","40",5844071,"1080p",3.00826439048898
"Index","14",2489438,"720p",3.03392424933031
"Run","32",6556342,"1080p",3.03514117577347
"Run","57",3538225,"720p",3.03654521830325
"Run","30",6815019,"1080p",3.0413913690775
"Run","22",3198295,"720p",3.04401517869805
"Run","2",4212371,"720p",3.04682599613466
"Index","14",4405210,"1080p",3.04685711440075
"Run","2",8862434,"1080p",3.04877771054267
"Run","102",5774320,"1080p",3.05205812225844
"Run","98",4640512,"1080p",3.05208893752984
"Index","40",3165738,"720p",3.05324132343793
"Run","26",9026449,"1080p",3.05368824632085
"Run","29",2484353,"720p",3.0570444155956
"Index","79",3148178,"720p",3.05851755779329
"Run","41",4413803,"720p",3.06332212471068
"Run","98",2523493,"720p",3.06359573778413
"Run","100",7130093,"1080p",3.06380494688471
"Run","25",5448510,"1080p",3.06605756423178
"Run","110",6172745,"1080p",3.06859764812325
"Run","73",3656959,"720p",3.07404091706133
"Run","85",3979783,"720p",3.07847126229619
"Run","76",6364991,"1080p",3.0857285941517
"Run","25",2898517,"720p",3.08574455060815
"Index","98",2546630,"720p",3.09168474559398
"Index","59",3331242,"720p",3.09504661279143
"Run","82",3951530,"720p",3.099907823256
"Run","110",3189839,"720p",3.10080858393797
"Run","30",3606410,"720p",3.10277660913503
"Run","92",7133056,"1080p",3.10435881980455
"Run","14",2547464,"720p",3.1046416114384
"Index","98",4722810,"1080p",3.10621676122275
"Run","85",7960240,"1080p",3.10987813630154
"Run","11",5731101,"1080p",3.11259566134296
"Run","79",3205847,"720p",3.1145441385776
"Run","84",4432350,"720p",3.11516703693838
"Run","82",8338869,"1080p",3.12467573345224
"Run","73",7434139,"1080p",3.12628193455789
"Run","103",1494351,"720p",3.12661707937106
"Run","59",6450452,"1080p",3.12852182609451
"Run","102",3354713,"720p",3.14167006926313
"Run","9",611103,"720p",3.14203081858987
"Run","84",9451004,"1080p",3.1421733949688
"Run","10",1749664,"720p",3.14824797843666
"Index","4",3181886,"720p",3.15001415676188
"Run","76",3318989,"720p",3.15156524777709
"Run","95",7027134,"1080p",3.16130158385972
"Run","40",3283727,"720p",3.16703750319479
"Run","100",3853126,"720p",3.18281287687799
"Run","92",3744527,"720p",3.19507069293583
"Run","17",3202267,"720p",3.19694727972654
"Run","13",4470407,"1080p",3.20174683435513
"Run","41",9552772,"1080p",3.2068302111899
"Run","95",3621849,"720p",3.21042927764102
"Run","65",6094595,"1080p",3.21149311419606
"Run","7",4215815,"1080p",3.21692208846619
"Index","6",2608598,"720p",3.22197505765
"Run","4",5980111,"1080p",3.2434535522208
"Run","24",6903781,"1080p",3.25020549821902
"Run","16",6510700,"1080p",3.2509676955464
"Run","65",3079132,"720p",3.25243129678669
"Run","53",6147526,"1080p",3.25259558410761
"Diff/Luma","63",1081248,"720p",3.26126022868828
"Run","11",3212996,"720p",3.27520524848982
"Run","32",3693806,"720p",3.28201779170976
"Run","13",2489618,"720p",3.28486382216264
"Run","7",2302952,"720p",3.28881323207252
"Run","89",3087415,"720p",3.30761624381579
"Index","89",3091306,"720p",3.31178475851326
"Run","59",3575267,"720p",3.32176948362653
"Run","87",6588551,"1080p",3.33346201269018
"Run","24",3776336,"720p",3.35545461653836
"Index","117",1985358,"720p",3.35977458877682
"Run","16",3471014,"720p",3.37319472613676
"Run","112",4043999,"720p",3.37688237858168
"Run","72",4195258,"720p",3.43798083699646
"Diff/Luma","63",2413403,"1080p",3.45081937912782
"Run","87",3550605,"720p",3.45591971173781
"Run","4",3494192,"720p",3.4591918963923
"Run","112",8536140,"1080p",3.48160217963647
"Run","53",3569358,"720p",3.5046584994418
"Index","117",3897670,"1080p",3.51314883383869
"Run","6",2849827,"720p",3.51992584239409
"Run","72",8589852,"1080p",3.52805550683917
"Index","10",1969782,"720p",3.54431605123093
"Run","58",4140323,"720p",3.68683821296686
"Index","103",1769886,"720p",3.70311646737595
"Index","103",3428038,"1080p",3.76220865978838
"Index","10",3581786,"1080p",3.80441665843496
"Run","58",8875018,"1080p",3.81989993819307
"Index","63",1493042,"720p",4.50331329571127
"Index","63",3204146,"1080p",4.58146820500135
"Diff/Luma","9",951119,"720p",4.89024797807633
"Diff/Luma","31",985072,"720p",5.92528075356844
"Index","9",1193626,"720p",6.13711547459292
"Diff/Luma","31",2205544,"1080p",6.59556576295313
"Diff/Luma","9",2132250,"1080p",6.62477474678432
"Index","31",1187534,"720p",7.14310462017817
"Index","9",2444122,"1080p",7.59374262101535
"Index","31",2555622,"1080p",7.64245599555021
