dataset/720p/0064.png, QOI Run, 2260386, 4548426, -101.223419
dataset/1080p/0003.png, QOI Run, 3013941, 9783482, -224.607615
dataset/720p/0105.png, QOI Diff/Luma, 2617121, 2325891, 11.127877
dataset/720p/0080.png, QOI Diff/Luma, 1911243, 1553551, 18.715150
dataset/720p/0092.png, QOI Diff/Luma, 1391164, 1300117, 6.544663
dataset/1080p/0056.png, QOI Diff/Luma, 3690904, 4065728, -10.155344
dataset/1080p/0005.png, QOI Run, 1827087, 6483110, -254.833131
dataset/720p/0078.png, QOI Diff/Luma, 2440716, 1884267, 22.798597
dataset/720p/0048.png, QOI Index, 1747981, 3576874, -104.628883
dataset/1080p/0026.png, QOI Run, 2151121, 9026449, -319.616051
dataset/720p/0006.png, QOI Run, 886841, 2849827, -221.345878
dataset/720p/0077.png, QOI Diff/Luma, 1946761, 1575953, 19.047433
dataset/720p/0095.png, QOI Diff/Luma, 1363526, 1275095, 6.485465
dataset/720p/0023.png, QOI Run, 1973335, 3898647, -97.566404
dataset/1080p/0043.png, QOI Index, 2987431, 8505742, -184.717605
dataset/1080p/0080.png, QOI Diff/Luma, 2309784, 3276507, -41.853394
dataset/1080p/0100.png, QOI Index, 1866451, 5844550, -213.137071
dataset/1080p/0058.png, QOI Run, 1709707, 8875018, -419.095845
dataset/720p/0029.png, QOI Run, 866285, 2484353, -186.782410
dataset/1080p/0044.png, QOI Diff/Luma, 2743520, 3440941, -25.420664
dataset/1080p/0034.png, QOI Diff/Luma, 2531903, 3784392, -49.468285
dataset/1080p/0036.png, QOI Run, 4641461, 9671582, -108.373656
dataset/1080p/0084.png, QOI Index, 2823731, 7272526, -157.550241
dataset/1080p/0004.png, QOI Diff/Luma, 1268434, 2404813, -89.589131
dataset/720p/0065.png, QOI Index, 1075830, 2663058, -147.535205
dataset/1080p/0085.png, QOI Run, 2103304, 7960240, -278.463598
dataset/1080p/0017.png, QOI Diff/Luma, 1634086, 2624126, -60.586775
dataset/1080p/0045.png, QOI Index, 1580359, 5001862, -216.501630
dataset/1080p/0069.png, QOI Diff/Luma, 2103697, 3115766, -48.109067
dataset/720p/0101.png, QOI Diff/Luma, 1619382, 1415048, 12.618023
dataset/720p/0093.png, QOI Run, 2129025, 4220782, -98.249527
dataset/720p/0030.png, QOI Run, 1519418, 3606410, -137.354698
dataset/720p/0002.png, QOI Diff/Luma, 1916502, 1478915, 22.832588
dataset/1080p/0112.png, QOI Index, 1903743, 4970162, -161.073160
dataset/1080p/0088.png, QOI Run, 3182185, 9403469, -195.503530
dataset/1080p/0113.png, QOI Diff/Luma, 3978622, 4523369, -13.691851
dataset/720p/0032.png, QOI Run, 1610320, 3693806, -129.383352
dataset/720p/0061.png, QOI Run, 1448246, 3475640, -139.989615
dataset/720p/0068.png, QOI Index, 2031214, 3905914, -92.294559
dataset/1080p/0054.png, QOI Index, 4383150, 10003822, -128.233622
dataset/1080p/0066.png, QOI Diff/Luma, 3479387, 3898769, -12.053330
dataset/720p/0074.png, QOI Index, 2054422, 3830458, -86.449425
dataset/720p/0109.png, QOI Run, 1248505, 2565638, -105.496814
dataset/720p/0012.png, QOI Index, 2572312, 4407066, -71.327040
dataset/720p/0047.png, QOI Diff/Luma, 2364330, 1681355, 28.886619
dataset/1080p/0060.png, QOI Diff/Luma, 1973795, 3365705, -70.519482
dataset/720p/0084.png, QOI Diff/Luma, 1953359, 1494718, 23.479606
dataset/1080p/0081.png, QOI Run, 2810647, 9640216, -242.989212
dataset/720p/0019.png, QOI Diff/Luma, 2294191, 2163298, 5.705410
dataset/1080p/0086.png, QOI Diff/Luma, 3011095, 3741083, -24.243274
dataset/720p/0016.png, QOI Diff/Luma, 1194278, 1186425, 0.657552
dataset/1080p/0111.png, QOI Diff/Luma, 3235506, 3797156, -17.358954
dataset/720p/0045.png, QOI Run, 1208170, 2654523, -119.714361
dataset/1080p/0068.png, QOI Run, 2664134, 8491936, -218.750333
dataset/720p/0037.png, QOI Diff/Luma, 2247025, 1783343, 20.635373
dataset/1080p/0093.png, QOI Index, 3067361, 8105994, -164.266058
dataset/720p/0104.png, QOI Index, 1552604, 3454246, -122.480813
dataset/720p/0079.png, QOI Index, 1314978, 3148178, -139.409176
dataset/720p/0073.png, QOI Index, 1321772, 2614586, -97.809153
dataset/720p/0051.png, QOI Diff/Luma, 2537616, 1791529, 29.401099
dataset/1080p/0025.png, QOI Diff/Luma, 1280956, 2620787, -104.596177
dataset/1080p/0022.png, QOI Index, 1374675, 5578814, -305.827850
dataset/1080p/0002.png, QOI Diff/Luma, 2454041, 3281924, -33.735500
dataset/1080p/0018.png, QOI Run, 3032721, 9772879, -222.247876
dataset/720p/0100.png, QOI Run, 1654716, 3853126, -132.857240
dataset/720p/0010.png, QOI Run, 706898, 1749664, -147.512937
dataset/1080p/0028.png, QOI Run, 3176181, 9908745, -211.970414
dataset/1080p/0010.png, QOI Diff/Luma, 699518, 2307625, -229.887866
dataset/720p/0069.png, QOI Diff/Luma, 1563091, 1465655, 6.233546
dataset/720p/0118.png, QOI Diff/Luma, 1790721, 1534987, 14.281063
dataset/1080p/0033.png, QOI Index, 1752876, 5353286, -205.400154
dataset/720p/0098.png, QOI Index, 1166789, 2546630, -118.259685
dataset/1080p/0038.png, QOI Diff/Luma, 3402298, 4051425, -19.079075
dataset/720p/0096.png, QOI Run, 1720043, 3498395, -103.389973
dataset/1080p/0105.png, QOI Diff/Luma, 4568206, 4769863, -4.414359
dataset/720p/0033.png, QOI Run, 1305010, 3188197, -144.304411
dataset/720p/0112.png, QOI Index, 1481874, 2563462, -72.987852
dataset/720p/0075.png, QOI Diff/Luma, 2469813, 2728893, -10.489863
dataset/720p/0103.png, QOI Diff/Luma, 588818, 1058591, -79.782378
dataset/720p/0117.png, QOI Diff/Luma, 629438, 1115633, -77.242715
dataset/1080p/0098.png, QOI Diff/Luma, 1030345, 2536615, -146.190839
dataset/1080p/0029.png, QOI Run, 880684, 4125738, -368.469735
dataset/720p/0004.png, QOI Diff/Luma, 1509687, 1131511, 25.049961
dataset/1080p/0020.png, QOI Diff/Luma, 1956834, 3116818, -59.278610
dataset/720p/0039.png, QOI Run, 2336039, 4450671, -90.522119
dataset/1080p/0090.png, QOI Diff/Luma, 2678436, 3394139, -26.720930
dataset/720p/0021.png, QOI Diff/Luma, 2387803, 1815429, 23.970738
dataset/1080p/0091.png, QOI Index, 2918005, 7826630, -168.218526
dataset/1080p/0042.png, QOI Diff/Luma, 3171867, 4301198, -35.604614
dataset/720p/0055.png, QOI Run, 2400506, 4432476, -84.647570
dataset/720p/0087.png, QOI Index, 1332601, 3037550, -127.941447
dataset/1080p/0011.png, QOI Run, 1341454, 5731101, -327.230527
dataset/720p/0094.png, QOI Index, 2432090, 4283314, -76.116591
dataset/720p/0060.png, QOI Run, 1331637, 2940170, -120.793655
dataset/720p/0024.png, QOI Index, 1547098, 3056566, -97.567704
dataset/720p/0038.png, QOI Index, 1670778, 3157010, -88.954487
dataset/1080p/0089.png, QOI Run, 1445242, 5322090, -268.249054
dataset/1080p/0102.png, QOI Index, 1453772, 5200870, -257.750046
dataset/720p/0026.png, QOI Index, 2061826, 3792394, -83.933756
dataset/720p/0003.png, QOI Run, 2128524, 4525466, -112.610523
dataset/720p/0076.png, QOI Diff/Luma, 1206921, 1265158, -4.825254
dataset/1080p/0057.png, QOI Run, 2192029, 6993551, -219.044639
dataset/1080p/0118.png, QOI Diff/Luma, 2834360, 3346666, -18.074839
dataset/1080p/0006.png, QOI Run, 730641, 4170081, -470.742814
dataset/720p/0071.png, QOI Run, 2101221, 4371427, -108.042229
dataset/1080p/0016.png, QOI Index, 1462445, 4439086, -203.538663
dataset/1080p/0082.png, QOI Index, 2292718, 5539114, -141.595957
dataset/720p/0082.png, QOI Diff/Luma, 1507757, 1388955, 7.879386
dataset/720p/0115.png, QOI Run, 2321521, 4433318, -90.966095
dataset/720p/0008.png, QOI Run, 2361628, 4489685, -90.109746
dataset/720p/0058.png, QOI Index, 1172555, 2376838, -102.705886
dataset/720p/0017.png, QOI Diff/Luma, 1311518, 1204680, 8.146133
dataset/1080p/0070.png, QOI Diff/Luma, 3068980, 3626571, -18.168610
dataset/720p/0044.png, QOI Diff/Luma, 2134416, 1619576, 24.120884
dataset/1080p/0107.png, QOI Index, 2969558, 7613554, -156.386775
dataset/1080p/0077.png, QOI Index, 2637348, 7210642, -173.405027
dataset/1080p/0072.png, QOI Index, 1899284, 5449446, -186.921071
dataset/1080p/0071.png, QOI Run, 2720539, 9314614, -242.381197
dataset/1080p/0024.png, QOI Index, 1486380, 5355590, -260.310957
dataset/720p/0070.png, QOI Run, 1876327, 4106051, -118.834510
dataset/1080p/0041.png, QOI Diff/Luma, 2493025, 3448359, -38.320274
dataset/1080p/0015.png, QOI Diff/Luma, 3113097, 3719976, -19.494381
dataset/720p/0114.png, QOI Diff/Luma, 2639700, 2097779, 20.529644
dataset/720p/0063.png, QOI Index, 428297, 1493042, -248.599687
dataset/720p/0088.png, QOI Run, 2180979, 4443591, -103.742952
dataset/1080p/0103.png, QOI Run, 730630, 2719808, -272.255177
dataset/720p/0062.png, QOI Run, 2568173, 4592149, -78.809956
dataset/720p/0054.png, QOI Index, 2609229, 4540446, -74.014853
dataset/720p/0028.png, QOI Run, 2491706, 4553182, -82.733517
dataset/1080p/0049.png, QOI Index, 3296278, 6903974, -109.447565
dataset/720p/0106.png, QOI Run, 2207063, 4345039, -96.869731
dataset/1080p/0047.png, QOI Index, 3124625, 8603358, -175.340497
dataset/720p/0050.png, QOI Run, 2404237, 4346901, -80.801685
dataset/720p/0035.png, QOI Index, 1623762, 3343382, -105.903451
dataset/1080p/0037.png, QOI Diff/Luma, 3241450, 3779586, -16.601706
dataset/1080p/0075.png, QOI Diff/Luma, 4995646, 5799800, -16.097097
dataset/720p/0107.png, QOI Index, 2013681, 3872290, -92.299078
dataset/720p/0031.png, QOI Diff/Luma, 191437, 985072, -414.567194
dataset/1080p/0052.png, QOI Diff/Luma, 2709424, 3774419, -39.307063
dataset/720p/0041.png, QOI Diff/Luma, 1617865, 1588018, 1.844839
dataset/720p/0081.png, QOI Diff/Luma, 2146240, 1740538, 18.902919
dataset/1080p/0051.png, QOI Run, 3101137, 9934346, -220.345280
dataset/720p/0001.png, QOI Index, 2184430, 4188834, -91.758674
dataset/1080p/0050.png, QOI Index, 3642903, 8900330, -144.319709
dataset/1080p/0114.png, QOI Run, 3595671, 10004265, -178.230823
dataset/1080p/0092.png, QOI Diff/Luma, 1838301, 2764546, -50.385927
dataset/720p/0049.png, QOI Index, 1703383, 3292810, -93.310019
dataset/720p/0036.png, QOI Diff/Luma, 2490304, 2148366, 13.730773
dataset/720p/0052.png, QOI Index, 1798508, 3421438, -90.237575
dataset/720p/0009.png, QOI Index, 169925, 1193626, -602.442842
dataset/720p/0042.png, QOI Diff/Luma, 2393283, 2076089, 13.253510
dataset/1080p/0083.png, QOI Diff/Luma, 3662562, 4415443, -20.556130
dataset/1080p/0032.png, QOI Index, 1546566, 5863486, -279.129374
dataset/720p/0091.png, QOI Diff/Luma, 1923397, 1674955, 12.916834
dataset/720p/0007.png, QOI Diff/Luma, 843608, 1114341, -32.092275
dataset/1080p/0048.png, QOI Diff/Luma, 3197096, 3767588, -17.844068
dataset/1080p/0074.png, QOI Index, 3818085, 7989454, -109.252911
dataset/720p/0090.png, QOI Run, 1924283, 3985179, -107.099424
dataset/720p/0085.png, QOI Diff/Luma, 1821482, 1384021, 24.016762
dataset/720p/0018.png, QOI Run, 1820608, 4412347, -142.355686
dataset/720p/0097.png, QOI Run, 2279448, 4483370, -96.686654
dataset/1080p/0062.png, QOI Run, 4956810, 10247735, -106.740525
dataset/1080p/0030.png, QOI Diff/Luma, 1636656, 2767532, -69.096744
dataset/1080p/0078.png, QOI Index, 4227768, 9762466, -130.913002
dataset/720p/0056.png, QOI Run, 2278848, 4338562, -90.384001
dataset/1080p/0065.png, QOI Index, 1748575, 4890670, -179.694608
dataset/1080p/0110.png, QOI Index, 1570948, 5483826, -249.077500
dataset/720p/0110.png, QOI Run, 1338534, 3189839, -138.308403
dataset/1080p/0021.png, QOI Diff/Luma, 3331650, 3900136, -17.063197
dataset/1080p/0014.png, QOI Diff/Luma, 1159851, 2472520, -113.175658
dataset/1080p/0053.png, QOI Index, 1371969, 4788606, -249.031647
dataset/1080p/0108.png, QOI Diff/Luma, 3970316, 4211460, -6.073673
dataset/1080p/0097.png, QOI Diff/Luma, 3923534, 4259859, -8.571991
dataset/1080p/0073.png, QOI Run, 1819198, 7434139, -308.649251
dataset/1080p/0008.png, QOI Diff/Luma, 3421001, 3830114, -11.958868
dataset/720p/0025.png, QOI Run, 1132145, 2898517, -156.019944
dataset/720p/0072.png, QOI Diff/Luma, 1488764, 1345425, 9.628054
dataset/720p/0040.png, QOI Run, 1508037, 3283727, -117.748437
dataset/720p/0020.png, QOI Index, 1802239, 3636846, -101.795988
dataset/720p/0013.png, QOI Diff/Luma, 873687, 1095207, -25.354618
dataset/720p/0014.png, QOI Diff/Luma, 1051952, 1134140, -7.812904
dataset/1080p/0104.png, QOI Index, 1422272, 6181090, -334.592680
dataset/720p/0083.png, QOI Diff/Luma, 2591786, 2075422, 19.923096
dataset/1080p/0059.png, QOI Index, 1507736, 5986718, -297.066728
dataset/1080p/0115.png, QOI Run, 2811204, 9424999, -235.265566
dataset/1080p/0019.png, QOI Run, 4063153, 9788057, -140.898066
dataset/720p/0046.png, QOI Diff/Luma, 1947789, 1497918, 23.096496
dataset/1080p/0001.png, QOI Diff/Luma, 3017542, 3545729, -17.503882
dataset/1080p/0067.png, QOI Run, 2296855, 5911212, -157.361131
dataset/1080p/0064.png, QOI Index, 3762403, 8367214, -122.390159
dataset/1080p/0023.png, QOI Run, 2010216, 7876468, -291.821973
dataset/720p/0067.png, QOI Index, 1387616, 2927546, -110.976668
dataset/720p/0113.png, QOI Run, 2607178, 4597564, -76.342544
dataset/1080p/0027.png, QOI Diff/Luma, 1641789, 2896472, -76.421696
dataset/720p/0116.png, QOI Run, 1990123, 4014189, -101.705573
dataset/720p/0034.png, QOI Run, 2082087, 3947680, -89.602068
dataset/1080p/0079.png, QOI Run, 1435564, 5817003, -305.206804
dataset/1080p/0007.png, QOI Diff/Luma, 1109887, 2460912, -121.726356
dataset/720p/0011.png, QOI Run, 1241557, 3212996, -158.787635
dataset/1080p/0109.png, QOI Diff/Luma, 1300240, 2890427, -122.299499
dataset/1080p/0046.png, QOI Index, 2292520, 7184858, -213.404376
dataset/720p/0089.png, QOI Diff/Luma, 1434609, 1187232, 17.243514
dataset/1080p/0094.png, QOI Run, 4215460, 9659554, -129.145906
dataset/720p/0102.png, QOI Run, 1365302, 3354713, -145.712157
dataset/1080p/0012.png, QOI Diff/Luma, 5238083, 5365164, -2.426097
dataset/1080p/0013.png, QOI Diff/Luma, 837921, 2357050, -181.297402
dataset/720p/0059.png, QOI Diff/Luma, 1641704, 1196940, 27.091607
dataset/1080p/0009.png, QOI Index, 164689, 2444122, -1384.083333
dataset/1080p/0076.png, QOI Diff/Luma, 1548847, 2783260, -79.698834
dataset/1080p/0096.png, QOI Index, 2078308, 6726542, -223.654723
dataset/1080p/0040.png, QOI Run, 1426363, 5844071, -309.718354
dataset/720p/0027.png, QOI Run, 1793442, 3728650, -107.904688
dataset/1080p/0117.png, QOI Diff/Luma, 780357, 2451840, -214.194657
dataset/720p/0015.png, QOI Index, 2137237, 4118474, -92.700856
dataset/1080p/0039.png, QOI Index, 3133437, 8562730, -173.269576
dataset/1080p/0106.png, QOI Run, 2772256, 9342190, -236.988720
dataset/720p/0005.png, QOI Diff/Luma, 1533636, 1355986, 11.583583
dataset/720p/0108.png, QOI Diff/Luma, 2244105, 1881601, 16.153611
dataset/720p/0111.png, QOI Diff/Luma, 1978731, 1767494, 10.675377
dataset/720p/0053.png, QOI Index, 1392532, 2940066, -111.130947
dataset/1080p/0095.png, QOI Run, 1783454, 7027134, -294.018237
dataset/1080p/0061.png, QOI Index, 2038878, 5856974, -187.264564
dataset/1080p/0116.png, QOI Run, 1843659, 7616871, -313.138818
dataset/1080p/0035.png, QOI Index, 1666682, 6358594, -281.512130
dataset/720p/0022.png, QOI Index, 1394034, 2892230, -107.471984
dataset/1080p/0099.png, QOI Run, 2525899, 8363298, -231.101837
dataset/1080p/0063.png, QOI Diff/Luma, 611126, 2413403, -294.910869
dataset/720p/0057.png, QOI Diff/Luma, 1476331, 1360281, 7.860703
dataset/1080p/0101.png, QOI Diff/Luma, 2239435, 3120706, -39.352381
dataset/1080p/0031.png, QOI Diff/Luma, 254628, 2205544, -766.182824
dataset/720p/0099.png, QOI Run, 1820150, 4067910, -123.493119
dataset/720p/0066.png, QOI Index, 2209099, 4159646, -88.296043
dataset/1080p/0087.png, QOI Diff/Luma, 1246097, 2437137, -95.581644
dataset/1080p/0055.png, QOI Index, 2610764, 8796042, -236.914482
dataset/720p/0086.png, QOI Diff/Luma, 2177203, 1791407, 17.719799
dataset/720p/0043.png, QOI Diff/Luma, 2355463, 1582708, 32.806926
dataset/720p/0118.png, QOI Index, 1790721, 3562050, -98.917084
dataset/720p/0030.png, QOI Index, 1519418, 3174482, -108.927497
dataset/720p/0017.png, QOI Run, 1311518, 3202267, -144.164929
dataset/1080p/0041.png, QOI Index, 2493025, 6699858, -168.744116
dataset/1080p/0028.png, QOI Diff/Luma, 3176181, 3738041, -17.689798
dataset/1080p/0094.png, QOI Diff/Luma, 4215460, 4282856, -1.598782
dataset/720p/0103.png, QOI Run, 588818, 1494351, -153.788267
dataset/720p/0080.png, QOI Run, 1911243, 3929382, -105.593009
dataset/1080p/0074.png, QOI Diff/Luma, 3818085, 4093037, -7.201306
dataset/1080p/0084.png, QOI Run, 2823731, 9451004, -234.699162
dataset/1080p/0103.png, QOI Index, 730630, 3428038, -369.189330
dataset/720p/0078.png, QOI Run, 2440716, 4558821, -86.782116
dataset/1080p/0079.png, QOI Diff/Luma, 1435564, 2651152, -84.676685
dataset/1080p/0045.png, QOI Diff/Luma, 1580359, 2760960, -74.704608
dataset/1080p/0083.png, QOI Run, 3662562, 10185822, -178.106473
dataset/720p/0098.png, QOI Run, 1166789, 2523493, -116.276722
dataset/720p/0053.png, QOI Run, 1392532, 3569358, -156.321435
dataset/720p/0029.png, QOI Index, 866285, 2362666, -172.735416
dataset/720p/0034.png, QOI Index, 2082087, 3597882, -72.801713
dataset/720p/0015.png, QOI Diff/Luma, 2137237, 1666636, 22.019130
dataset/720p/0060.png, QOI Diff/Luma, 1331637, 1577578, -18.469072
dataset/1080p/0019.png, QOI Index, 4063153, 8448934, -107.940336
dataset/720p/0014.png, QOI Run, 1051952, 2547464, -142.165422
dataset/720p/0107.png, QOI Diff/Luma, 2013681, 1532415, 23.899813
dataset/1080p/0101.png, QOI Index, 2239435, 6092050, -172.035134
dataset/1080p/0071.png, QOI Diff/Luma, 2720539, 3449663, -26.800719
dataset/1080p/0055.png, QOI Run, 2610764, 9181232, -251.668401
dataset/1080p/0035.png, QOI Run, 1666682, 6182828, -270.966267
dataset/1080p/0029.png, QOI Index, 880684, 4333094, -392.014616
dataset/1080p/0113.png, QOI Index, 3978622, 10129990, -154.610516
dataset/720p/0087.png, QOI Run, 1332601, 3550605, -166.441718
dataset/1080p/0057.png, QOI Index, 2192029, 5687530, -159.464177
dataset/720p/0028.png, QOI Diff/Luma, 2491706, 1731715, 30.500830
dataset/720p/0009.png, QOI Run, 169925, 611103, -259.631014
dataset/1080p/0059.png, QOI Diff/Luma, 1507736, 2569062, -70.392031
dataset/1080p/0005.png, QOI Diff/Luma, 1827087, 2889944, -58.172216
dataset/1080p/0014.png, QOI Index, 1159851, 4405210, -279.808268
dataset/1080p/0112.png, QOI Diff/Luma, 1903743, 3195749, -67.866619
dataset/720p/0110.png, QOI Index, 1338534, 2945146, -120.027732
dataset/1080p/0042.png, QOI Index, 3171867, 9059746, -185.628181
dataset/720p/0100.png, QOI Index, 1654716, 3332210, -101.376550
dataset/1080p/0049.png, QOI Run, 3296278, 9773863, -196.512096
dataset/1080p/0009.png, QOI Diff/Luma, 164689, 2132250, -1194.713065
dataset/1080p/0109.png, QOI Index, 1300240, 5150822, -296.143943
dataset/720p/0105.png, QOI Run, 2617121, 4546272, -73.712717
dataset/1080p/0020.png, QOI Run, 1956834, 7124160, -264.065628
dataset/1080p/0037.png, QOI Run, 3241450, 9050049, -179.197550
dataset/1080p/0073.png, QOI Index, 1819198, 5038022, -176.936430
dataset/1080p/0075.png, QOI Run, 4995646, 9779407, -95.758607
dataset/1080p/0098.png, QOI Index, 1030345, 4722810, -358.371710
dataset/720p/0089.png, QOI Run, 1434609, 3087415, -115.209510
dataset/720p/0046.png, QOI Run, 1947789, 4126827, -111.872385
dataset/720p/0086.png, QOI Run, 2177203, 4356436, -100.093239
dataset/1080p/0090.png, QOI Run, 2678436, 7855346, -193.281079
dataset/1080p/0060.png, QOI Run, 1973795, 5740430, -190.832128
dataset/1080p/0111.png, QOI Run, 3235506, 8035464, -148.352622
dataset/720p/0036.png, QOI Index, 2490304, 4282310, -71.959327
dataset/1080p/0064.png, QOI Diff/Luma, 3762403, 4325097, -14.955708
dataset/720p/0072.png, QOI Index, 1488764, 3133102, -110.449877
dataset/720p/0065.png, QOI Diff/Luma, 1075830, 1266300, -17.704470
dataset/1080p/0106.png, QOI Index, 2772256, 8318374, -200.057931
dataset/720p/0032.png, QOI Diff/Luma, 1610320, 1243997, 22.748460
dataset/1080p/0097.png, QOI Index, 3923534, 9113898, -132.287983
dataset/1080p/0048.png, QOI Index, 3197096, 7081266, -121.490565
dataset/720p/0097.png, QOI Index, 2279448, 4334570, -90.158758
dataset/720p/0025.png, QOI Diff/Luma, 1132145, 1219084, -7.679140
dataset/720p/0051.png, QOI Run, 2537616, 4546405, -79.160480
dataset/720p/0117.png, QOI Index, 629438, 1985358, -215.417563
dataset/720p/0013.png, QOI Index, 873687, 2208270, -152.752988
dataset/1080p/0038.png, QOI Index, 3402298, 6802302, -99.932575
dataset/720p/0010.png, QOI Index, 706898, 1969782, -178.651517
dataset/720p/0084.png, QOI Run, 1953359, 4432350, -126.909134
dataset/720p/0099.png, QOI Index, 1820150, 3746726, -105.847101
dataset/720p/0102.png, QOI Diff/Luma, 1365302, 1264649, 7.372215
dataset/1080p/0095.png, QOI Diff/Luma, 1783454, 2749126, -54.146168
dataset/1080p/0032.png, QOI Diff/Luma, 1546566, 2662469, -72.153597
dataset/720p/0043.png, QOI Index, 2355463, 4292150, -82.221075
dataset/720p/0055.png, QOI Diff/Luma, 2400506, 1599633, 33.362674
dataset/1080p/0099.png, QOI Diff/Luma, 2525899, 3278692, -29.802973
dataset/720p/0039.png, QOI Index, 2336039, 4164014, -78.251048
dataset/720p/0058.png, QOI Diff/Luma, 1172555, 1362043, -16.160265
dataset/720p/0008.png, QOI Index, 2361628, 4361902, -84.698945
dataset/1080p/0062.png, QOI Diff/Luma, 4956810, 6031835, -21.687840
dataset/1080p/0092.png, QOI Index, 1838301, 5118638, -178.443954
dataset/720p/0067.png, QOI Diff/Luma, 1387616, 1435846, -3.475745
dataset/720p/0050.png, QOI Index, 2404237, 4215134, -75.321069
dataset/1080p/0033.png, QOI Diff/Luma, 1752876, 2847452, -62.444577
dataset/1080p/0061.png, QOI Run, 2038878, 6749706, -231.050019
dataset/1080p/0104.png, QOI Diff/Luma, 1422272, 2835060, -99.333180
dataset/1080p/0016.png, QOI Diff/Luma, 1462445, 2550823, -74.421807
dataset/720p/0035.png, QOI Run, 1623762, 3360943, -106.984952
dataset/1080p/0036.png, QOI Diff/Luma, 4641461, 4866480, -4.848021
dataset/720p/0113.png, QOI Diff/Luma, 2607178, 2173865, 16.620001
dataset/1080p/0108.png, QOI Index, 3970316, 8357606, -110.502287
dataset/1080p/0030.png, QOI Index, 1636656, 5952038, -263.670680
dataset/720p/0083.png, QOI Run, 2591786, 4587724, -77.010139
dataset/720p/0064.png, QOI Index, 2260386, 3952942, -74.879069
dataset/1080p/0034.png, QOI Run, 2531903, 8630059, -240.852671
dataset/1080p/0015.png, QOI Run, 3113097, 9838817, -216.045950
dataset/1080p/0044.png, QOI Run, 2743520, 9163187, -233.993811
dataset/1080p/0086.png, QOI Index, 3011095, 7969366, -164.666708
dataset/720p/0042.png, QOI Run, 2393283, 4424210, -84.859459
dataset/720p/0068.png, QOI Run, 2031214, 4172714, -105.429561
dataset/1080p/0100.png, QOI Run, 1866451, 7130093, -282.013404
dataset/720p/0116.png, QOI Index, 1990123, 3864266, -94.172220
dataset/1080p/0110.png, QOI Run, 1570948, 6172745, -292.931211
dataset/720p/0106.png, QOI Index, 2207063, 4120558, -86.698703
dataset/1080p/0052.png, QOI Run, 2709424, 6951972, -156.584868
dataset/1080p/0046.png, QOI Run, 2292520, 8230417, -259.011786
dataset/1080p/0105.png, QOI Run, 4568206, 10127945, -121.705085
dataset/720p/0018.png, QOI Index, 1820608, 3615758, -98.601676
dataset/1080p/0056.png, QOI Index, 3690904, 8347454, -126.162859
dataset/720p/0093.png, QOI Diff/Luma, 2129025, 1740885, 18.230880
dataset/720p/0044.png, QOI Run, 2134416, 4349328, -103.771336
dataset/1080p/0070.png, QOI Run, 3068980, 8563182, -179.023715
dataset/720p/0109.png, QOI Index, 1248505, 2789954, -123.463582
dataset/1080p/0007.png, QOI Run, 1109887, 4215815, -279.841822
dataset/720p/0023.png, QOI Diff/Luma, 1973335, 1507497, 23.606635
dataset/1080p/0040.png, QOI Diff/Luma, 1426363, 2603713, -82.542102
dataset/1080p/0018.png, QOI Diff/Luma, 3032721, 3854489, -27.096723
dataset/720p/0001.png, QOI Run, 2184430, 4477291, -104.963812
dataset/1080p/0063.png, QOI Index, 611126, 3204146, -424.302026
dataset/720p/0057.png, QOI Run, 1476331, 3538225, -139.663395
dataset/1080p/0117.png, QOI Run, 780357, 3218617, -312.454428
dataset/720p/0071.png, QOI Index, 2101221, 3934946, -87.269497
dataset/720p/0006.png, QOI Index, 886841, 2608598, -194.144948
dataset/720p/0019.png, QOI Index, 2294191, 3967854, -72.952208
dataset/1080p/0023.png, QOI Diff/Luma, 2010216, 3198334, -59.103997
dataset/720p/0082.png, QOI Index, 1507757, 2817758, -86.884093
dataset/720p/0063.png, QOI Run, 428297, 874901, -104.274370
dataset/720p/0056.png, QOI Index, 2278848, 4013222, -76.107489
dataset/1080p/0011.png, QOI Index, 1341454, 5185246, -286.539233
dataset/720p/0075.png, QOI Index, 2469813, 4377862, -77.254796
dataset/1080p/0002.png, QOI Run, 2454041, 8862434, -261.136346
dataset/1080p/0087.png, QOI Run, 1246097, 6588551, -428.735002
dataset/720p/0045.png, QOI Index, 1208170, 2594882, -114.777887
dataset/1080p/0012.png, QOI Index, 5238083, 9619854, -83.652187
dataset/1080p/0025.png, QOI Index, 1280956, 5046578, -293.969660
dataset/720p/0114.png, QOI Run, 2639700, 4557961, -72.669659
dataset/1080p/0072.png, QOI Diff/Luma, 1899284, 2858230, -50.489869
dataset/720p/0092.png, QOI Index, 1391164, 2792722, -100.747144
dataset/1080p/0008.png, QOI Index, 3421001, 8881042, -159.603607
dataset/720p/0104.png, QOI Run, 1552604, 3456029, -122.595652
dataset/720p/0021.png, QOI Run, 2387803, 4563148, -91.102365
dataset/1080p/0096.png, QOI Diff/Luma, 2078308, 3189597, -53.470852
dataset/720p/0003.png, QOI Index, 2128524, 4308342, -102.409839
dataset/1080p/0004.png, QOI Index, 1268434, 5469586, -331.207773
dataset/720p/0037.png, QOI Run, 2247025, 4310320, -91.823411
dataset/720p/0108.png, QOI Run, 2244105, 4398767, -96.014313
dataset/720p/0049.png, QOI Diff/Luma, 1703383, 1817554, -6.702603
dataset/1080p/0050.png, QOI Diff/Luma, 3642903, 3863875, -6.065822
dataset/720p/0031.png, QOI Run, 191437, 458424, -139.464680
dataset/1080p/0068.png, QOI Index, 2664134, 7767386, -191.553878
dataset/720p/0062.png, QOI Diff/Luma, 2568173, 2846812, -10.849697
dataset/1080p/0053.png, QOI Run, 1371969, 6147526, -348.080532
dataset/720p/0002.png, QOI Run, 1916502, 4212371, -119.794761
dataset/1080p/0027.png, QOI Index, 1641789, 6973614, -324.757018
dataset/720p/0016.png, QOI Index, 1194278, 2432222, -103.656268
dataset/720p/0012.png, QOI Run, 2572312, 4508577, -75.273334
dataset/720p/0090.png, QOI Index, 1924283, 3707522, -92.670309
dataset/720p/0005.png, QOI Index, 1533636, 3030086, -97.575305
dataset/720p/0073.png, QOI Diff/Luma, 1321772, 1394055, -5.468644
dataset/1080p/0107.png, QOI Run, 2969558, 8797480, -196.255537
dataset/1080p/0088.png, QOI Index, 3182185, 8308210, -161.085072
dataset/1080p/0078.png, QOI Diff/Luma, 4227768, 4133721, 2.224507
dataset/720p/0076.png, QOI Run, 1206921, 3318989, -174.996375
dataset/1080p/0082.png, QOI Run, 2292718, 8338869, -263.711063
dataset/720p/0079.png, QOI Diff/Luma, 1314978, 1233045, 6.230751
dataset/720p/0007.png, QOI Index, 843608, 1951758, -131.358403
dataset/720p/0101.png, QOI Index, 1619382, 3253294, -100.897256
dataset/1080p/0093.png, QOI Run, 3067361, 8772575, -185.997475
dataset/720p/0033.png, QOI Diff/Luma, 1305010, 1289307, 1.203286
dataset/720p/0047.png, QOI Run, 2364330, 4444673, -87.988690
dataset/1080p/0013.png, QOI Run, 837921, 4470407, -433.511751
dataset/720p/0088.png, QOI Index, 2180979, 4207738, -92.928864
dataset/720p/0094.png, QOI Run, 2432090, 4435772, -82.385191
dataset/1080p/0080.png, QOI Index, 2309784, 7027206, -204.236500
dataset/720p/0026.png, QOI Diff/Luma, 2061826, 1546850, 24.976695
dataset/720p/0052.png, QOI Run, 1798508, 3436413, -91.070209
dataset/1080p/0006.png, QOI Diff/Luma, 730641, 2317026, -217.122362
dataset/1080p/0102.png, QOI Diff/Luma, 1453772, 2648746, -82.198171
dataset/1080p/0065.png, QOI Diff/Luma, 1748575, 2782456, -59.127061
dataset/720p/0091.png, QOI Index, 1923397, 3745318, -94.724126
dataset/720p/0069.png, QOI Run, 1563091, 3925089, -151.110716
dataset/720p/0024.png, QOI Run, 1547098, 3776336, -144.091583
dataset/1080p/0054.png, QOI Run, 4383150, 10186186, -132.394191
dataset/1080p/0017.png, QOI Run, 1634086, 5654452, -246.031482
dataset/1080p/0089.png, QOI Diff/Luma, 1445242, 2581067, -78.590644
dataset/1080p/0115.png, QOI Index, 2811204, 8501902, -202.429208
dataset/720p/0041.png, QOI Index, 1617865, 3491722, -115.822828
dataset/1080p/0116.png, QOI Diff/Luma, 1843659, 2991634, -62.266124
dataset/720p/0059.png, QOI Index, 1641704, 3331242, -102.913680
dataset/1080p/0081.png, QOI Index, 2810647, 8351750, -197.146885
dataset/720p/0070.png, QOI Index, 1876327, 3429658, -82.785730
dataset/1080p/0022.png, QOI Run, 1374675, 5961679, -333.679161
dataset/1080p/0026.png, QOI Diff/Luma, 2151121, 3256857, -51.402780
dataset/720p/0054.png, QOI Diff/Luma, 2609229, 2274620, 12.824056
dataset/720p/0004.png, QOI Run, 1509687, 3494192, -131.451420
dataset/720p/0038.png, QOI Run, 1670778, 4482934, -168.314163
dataset/720p/0085.png, QOI Run, 1821482, 3979783, -118.491481
dataset/720p/0011.png, QOI Diff/Luma, 1241557, 1159008, 6.648829
dataset/720p/0096.png, QOI Diff/Luma, 1720043, 1513411, 12.013188
dataset/720p/0027.png, QOI Diff/Luma, 1793442, 1383807, 22.840716
dataset/720p/0066.png, QOI Diff/Luma, 2209099, 1853847, 16.081307
dataset/1080p/0043.png, QOI Diff/Luma, 2987431, 3389944, -13.473550
dataset/1080p/0001.png, QOI Run, 3017542, 9714625, -221.938352
dataset/1080p/0021.png, QOI Index, 3331650, 9537970, -186.283673
dataset/720p/0061.png, QOI Index, 1448246, 3047854, -110.451401
dataset/1080p/0051.png, QOI Index, 3101137, 9446482, -204.613501
dataset/720p/0111.png, QOI Run, 1978731, 3797027, -91.892026
dataset/1080p/0114.png, QOI Diff/Luma, 3595671, 4224318, -17.483441
dataset/720p/0048.png, QOI Run, 1747981, 4134053, -136.504459
dataset/720p/0022.png, QOI Diff/Luma, 1394034, 1240056, 11.045498
dataset/1080p/0058.png, QOI Diff/Luma, 1709707, 2959984, -73.128144
dataset/1080p/0067.png, QOI Index, 2296855, 6095338, -165.377571
dataset/1080p/0003.png, QOI Index, 3013941, 8551702, -183.738202
dataset/1080p/0031.png, QOI Run, 254628, 906116, -255.858743
dataset/720p/0115.png, QOI Diff/Luma, 2321521, 1720650, 25.882643
dataset/1080p/0118.png, QOI Run, 2834360, 7992372, -181.981541
dataset/1080p/0076.png, QOI Index, 1548847, 5243910, -238.568626
dataset/720p/0112.png, QOI Diff/Luma, 1481874, 1478602, 0.220801
dataset/1080p/0039.png, QOI Diff/Luma, 3133437, 3751035, -19.709922
dataset/720p/0077.png, QOI Run, 1946761, 4226115, -117.084429
dataset/720p/0040.png, QOI Diff/Luma, 1508037, 1214536, 19.462454
dataset/1080p/0024.png, QOI Run, 1486380, 6903781, -364.469449
dataset/1080p/0066.png, QOI Run, 3479387, 9090817, -161.276397
dataset/1080p/0077.png, QOI Diff/Luma, 2637348, 3355876, -27.244338
dataset/720p/0081.png, QOI Index, 2146240, 4140782, -92.931918
dataset/720p/0020.png, QOI Diff/Luma, 1802239, 1489310, 17.363346
dataset/1080p/0047.png, QOI Run, 3124625, 9588490, -206.868504
dataset/1080p/0085.png, QOI Diff/Luma, 2103304, 2928864, -39.250627
dataset/1080p/0069.png, QOI Index, 2103697, 5728626, -172.312315
dataset/1080p/0091.png, QOI Run, 2918005, 8072962, -176.660321
dataset/1080p/0010.png, QOI Index, 699518, 3581786, -412.036288
dataset/720p/0074.png, QOI Diff/Luma, 2054422, 1835988, 10.632382
dataset/720p/0095.png, QOI Run, 1363526, 3621849, -165.623758
dataset/1080p/0070.png, QOI Index, 3068980, 6926958, -125.708802
dataset/1080p/0033.png, QOI Run, 1752876, 5693078, -224.784982
dataset/720p/0104.png, QOI Diff/Luma, 1552604, 1335850, 13.960675
dataset/720p/0040.png, QOI Index, 1508037, 3165738, -109.924425
dataset/1080p/0060.png, QOI Index, 1973795, 5688670, -188.209768
dataset/1080p/0021.png, QOI Run, 3331650, 10050235, -201.659388
dataset/720p/0030.png, QOI Diff/Luma, 1519418, 1305298, 14.092238
dataset/720p/0044.png, QOI Index, 2134416, 4088050, -91.530142
dataset/720p/0083.png, QOI Index, 2591786, 4561090, -75.982508
dataset/720p/0017.png, QOI Index, 1311518, 2744282, -109.244707
dataset/1080p/0035.png, QOI Diff/Luma, 1666682, 2954982, -77.297289
dataset/1080p/0034.png, QOI Index, 2531903, 7262734, -186.848825
dataset/720p/0006.png, QOI Diff/Luma, 886841, 1033836, -16.575125
dataset/1080p/0066.png, QOI Index, 3479387, 8672798, -149.262241
dataset/720p/0063.png, QOI Diff/Luma, 428297, 1081248, -152.452854
dataset/720p/0097.png, QOI Diff/Luma, 2279448, 1963951, 13.840939
dataset/1080p/0038.png, QOI Run, 3402298, 10076923, -196.179905
dataset/720p/0118.png, QOI Run, 1790721, 3883985, -116.895038
dataset/720p/0060.png, QOI Index, 1331637, 2709242, -103.451992
dataset/720p/0080.png, QOI Index, 1911243, 3646922, -90.814146
dataset/720p/0010.png, QOI Diff/Luma, 706898, 1046638, -48.060682
dataset/720p/0082.png, QOI Run, 1507757, 3951530, -162.080030
dataset/720p/0075.png, QOI Run, 2469813, 4416880, -78.834592
dataset/720p/0078.png, QOI Index, 2440716, 4492650, -84.070986
dataset/1080p/0056.png, QOI Run, 3690904, 9418427, -155.179409
dataset/720p/0055.png, QOI Index, 2400506, 4341362, -80.851954
dataset/720p/0024.png, QOI Diff/Luma, 1547098, 1236779, 20.058135
dataset/1080p/0049.png, QOI Diff/Luma, 3296278, 4034685, -22.401236
dataset/720p/0049.png, QOI Run, 1703383, 4401938, -158.423267
dataset/1080p/0114.png, QOI Index, 3595671, 9604462, -167.111813
dataset/720p/0043.png, QOI Run, 2355463, 4370248, -85.536686
dataset/1080p/0078.png, QOI Run, 4227768, 10098498, -138.861215
dataset/720p/0108.png, QOI Index, 2244105, 4082878, -81.937922
dataset/720p/0025.png, QOI Index, 1132145, 2656090, -134.606875
dataset/720p/0069.png, QOI Index, 1563091, 3027110, -93.661789
dataset/720p/0029.png, QOI Diff/Luma, 866285, 1130275, -30.473805
dataset/1080p/0058.png, QOI Index, 1709707, 4308878, -152.024353
dataset/720p/0091.png, QOI Run, 1923397, 3810065, -98.090410
dataset/1080p/0094.png, QOI Index, 4215460, 9127178, -116.516774
dataset/1080p/0084.png, QOI Diff/Luma, 2823731, 3354101, -18.782597
dataset/1080p/0025.png, QOI Run, 1280956, 5448510, -325.347163
dataset/1080p/0074.png, QOI Run, 3818085, 8559958, -124.195061
dataset/1080p/0092.png, QOI Run, 1838301, 7133056, -288.024377
dataset/720p/0003.png, QOI Diff/Luma, 2128524, 1634786, 23.196262
dataset/720p/0094.png, QOI Diff/Luma, 2432090, 1862565, 23.417102
dataset/720p/0110.png, QOI Diff/Luma, 1338534, 1281798, 4.238667
dataset/1080p/0109.png, QOI Run, 1300240, 4336697, -233.530502
dataset/1080p/0014.png, QOI Run, 1159851, 4085918, -252.279560
dataset/1080p/0085.png, QOI Index, 2103304, 6630518, -215.242970
dataset/720p/0020.png, QOI Run, 1802239, 3587867, -99.078313
dataset/720p/0012.png, QOI Diff/Luma, 2572312, 2528003, 1.722536
dataset/1080p/0044.png, QOI Index, 2743520, 8361710, -204.780355
dataset/720p/0001.png, QOI Diff/Luma, 2184430, 1655266, 24.224351
dataset/1080p/0006.png, QOI Index, 730641, 4172606, -471.088400
dataset/720p/0002.png, QOI Index, 1916502, 3613838, -88.564270
dataset/720p/0058.png, QOI Run, 1172555, 4140323, -253.102669
dataset/720p/0111.png, QOI Index, 1978731, 3680458, -86.000927
dataset/1080p/0048.png, QOI Run, 3197096, 8567738, -167.985009
dataset/720p/0086.png, QOI Index, 2177203, 3823106, -75.597131
dataset/720p/0022.png, QOI Run, 1394034, 3198295, -129.427331
dataset/1080p/0081.png, QOI Diff/Luma, 2810647, 3610243, -28.448823
dataset/720p/0015.png, QOI Run, 2137237, 4482247, -109.721570
dataset/720p/0053.png, QOI Diff/Luma, 1392532, 1156212, 16.970526
dataset/720p/0106.png, QOI Diff/Luma, 2207063, 1652087, 25.145453
dataset/720p/0102.png, QOI Index, 1365302, 3062530, -124.311544
dataset/1080p/0001.png, QOI Index, 3017542, 8556838, -183.569806
dataset/720p/0014.png, QOI Index, 1051952, 2489438, -136.649391
dataset/720p/0117.png, QOI Run, 629438, 1749667, -177.972890
dataset/1080p/0072.png, QOI Run, 1899284, 8589852, -352.267907
dataset/720p/0028.png, QOI Index, 2491706, 4507482, -80.899432
dataset/1080p/0105.png, QOI Index, 4568206, 10012898, -119.186657
dataset/1080p/0059.png, QOI Run, 1507736, 6450452, -327.823704
dataset/1080p/0103.png, QOI Diff/Luma, 730630, 2347167, -221.252481
dataset/1080p/0018.png, QOI Index, 3032721, 7338038, -141.962185
dataset/1080p/0106.png, QOI Diff/Luma, 2772256, 3510220, -26.619620
dataset/1080p/0075.png, QOI Index, 4995646, 9658498, -93.338319
dataset/720p/0071.png, QOI Diff/Luma, 2101221, 1649953, 21.476465
dataset/1080p/0067.png, QOI Diff/Luma, 2296855, 3154761, -37.351335
dataset/720p/0023.png, QOI Index, 1973335, 3742902, -89.673928
dataset/720p/0054.png, QOI Run, 2609229, 4580632, -75.555001
dataset/1080p/0113.png, QOI Run, 3978622, 10228100, -157.076445
dataset/720p/0116.png, QOI Diff/Luma, 1990123, 1455038, 26.887032
dataset/720p/0019.png, QOI Run, 2294191, 4460109, -94.408792
dataset/1080p/0050.png, QOI Run, 3642903, 9304010, -155.400981
dataset/720p/0101.png, QOI Run, 1619382, 3777278, -133.254291
dataset/1080p/0047.png, QOI Diff/Luma, 3124625, 3623450, -15.964316
dataset/1080p/0009.png, QOI Run, 164689, 911264, -453.324144
dataset/1080p/0007.png, QOI Index, 1109887, 3713650, -234.597126
dataset/720p/0034.png, QOI Diff/Luma, 2082087, 1763722, 15.290667
dataset/720p/0114.png, QOI Index, 2639700, 4458066, -68.885328
dataset/720p/0056.png, QOI Diff/Luma, 2278848, 1836456, 19.412967
dataset/720p/0018.png, QOI Diff/Luma, 1820608, 1680415, 7.700340
dataset/720p/0048.png, QOI Diff/Luma, 1747981, 1713156, 1.992299
dataset/720p/0076.png, QOI Index, 1206921, 2830474, -134.520238
dataset/1080p/0004.png, QOI Run, 1268434, 5980111, -371.456221
dataset/1080p/0026.png, QOI Index, 2151121, 7380842, -243.116078
dataset/720p/0090.png, QOI Diff/Luma, 1924283, 1554359, 19.223991
dataset/720p/0064.png, QOI Diff/Luma, 2260386, 1855405, 17.916453
dataset/1080p/0082.png, QOI Diff/Luma, 2292718, 3049064, -32.989055
dataset/720p/0033.png, QOI Index, 1305010, 2925502, -124.174681
dataset/720p/0046.png, QOI Index, 1947789, 3812562, -95.737937
dataset/720p/0041.png, QOI Run, 1617865, 4413803, -172.816521
dataset/1080p/0039.png, QOI Run, 3133437, 9511853, -203.559733
dataset/1080p/0093.png, QOI Diff/Luma, 3067361, 3734692, -21.755868
dataset/1080p/0104.png, QOI Run, 1422272, 6077936, -327.339918
dataset/1080p/0002.png, QOI Index, 2454041, 6871262, -179.997848
dataset/1080p/0061.png, QOI Diff/Luma, 2038878, 2971781, -45.755705
dataset/1080p/0063.png, QOI Run, 611126, 1902589, -211.325160
dataset/1080p/0086.png, QOI Run, 3011095, 9299172, -208.830243
dataset/720p/0021.png, QOI Index, 2387803, 4481122, -87.667157
dataset/1080p/0091.png, QOI Diff/Luma, 2918005, 3557652, -21.920696
dataset/1080p/0012.png, QOI Run, 5238083, 9967910, -90.296908
dataset/720p/0092.png, QOI Run, 1391164, 3744527, -169.165030
dataset/1080p/0090.png, QOI Index, 2678436, 7166350, -167.557261
dataset/720p/0068.png, QOI Diff/Luma, 2031214, 1564407, 22.981675
dataset/1080p/0077.png, QOI Run, 2637348, 8680962, -229.154969
dataset/720p/0070.png, QOI Diff/Luma, 1876327, 1594386, 15.026219
dataset/720p/0059.png, QOI Run, 1641704, 3575267, -117.777809
dataset/720p/0050.png, QOI Diff/Luma, 2404237, 1806553, 24.859612
dataset/720p/0088.png, QOI Diff/Luma, 2180979, 1561322, 28.411874
dataset/720p/0042.png, QOI Index, 2393283, 4294070, -79.421740
dataset/720p/0037.png, QOI Index, 2247025, 4010094, -78.462367
dataset/720p/0109.png, QOI Diff/Luma, 1248505, 1386605, -11.061229
dataset/720p/0107.png, QOI Run, 2013681, 4197998, -108.473835
dataset/720p/0079.png, QOI Run, 1314978, 3205847, -143.794725
dataset/1080p/0073.png, QOI Diff/Luma, 1819198, 2967487, -63.120617
dataset/1080p/0115.png, QOI Diff/Luma, 2811204, 3566388, -26.863365
dataset/1080p/0108.png, QOI Run, 3970316, 9616114, -142.200218
dataset/720p/0072.png, QOI Run, 1488764, 4195258, -181.794697
dataset/720p/0115.png, QOI Index, 2321521, 4224650, -81.977678
dataset/720p/0039.png, QOI Diff/Luma, 2336039, 1786642, 23.518315
dataset/720p/0066.png, QOI Run, 2209099, 4302217, -94.749851
dataset/1080p/0027.png, QOI Run, 1641789, 6935919, -322.461047
dataset/720p/0093.png, QOI Index, 2129025, 4004146, -88.074165
dataset/720p/0007.png, QOI Run, 843608, 2302952, -172.988402
dataset/720p/0004.png, QOI Index, 1509687, 3181886, -110.764615
dataset/720p/0013.png, QOI Run, 873687, 2489618, -184.955367
dataset/720p/0038.png, QOI Diff/Luma, 1670778, 1752803, -4.909390
dataset/720p/0061.png, QOI Diff/Luma, 1448246, 1373361, 5.170738
dataset/1080p/0042.png, QOI Run, 3171867, 9515631, -200.000946
dataset/1080p/0079.png, QOI Index, 1435564, 5751186, -300.622055
dataset/1080p/0051.png, QOI Diff/Luma, 3101137, 3772715, -21.655864
dataset/1080p/0013.png, QOI Index, 837921, 4091002, -388.232423
dataset/720p/0051.png, QOI Index, 2537616, 4459958, -75.753857
dataset/720p/0052.png, QOI Diff/Luma, 1798508, 1834276, -1.988760
dataset/720p/0009.png, QOI Diff/Luma, 169925, 951119, -459.728704
dataset/720p/0047.png, QOI Index, 2364330, 4196638, -77.497980
dataset/1080p/0010.png, QOI Run, 699518, 2686299, -284.021426
dataset/720p/0008.png, QOI Diff/Luma, 2361628, 1789045, 24.245266
dataset/1080p/0046.png, QOI Diff/Luma, 2292520, 3123622, -36.252770
dataset/720p/0027.png, QOI Index, 1793442, 3704726, -106.570717
dataset/1080p/0015.png, QOI Index, 3113097, 8396514, -169.715785
dataset/720p/0005.png, QOI Run, 1533636, 3542300, -130.973973
dataset/1080p/0062.png, QOI Index, 4956810, 9808406, -97.877385
dataset/720p/0035.png, QOI Diff/Luma, 1623762, 1404437, 13.507213
dataset/1080p/0011.png, QOI Diff/Luma, 1341454, 2491728, -85.748300
dataset/720p/0026.png, QOI Run, 2061826, 4290179, -108.076676
dataset/720p/0065.png, QOI Run, 1075830, 3079132, -186.209903
dataset/1080p/0031.png, QOI Index, 254628, 2555622, -903.668882
dataset/1080p/0100.png, QOI Diff/Luma, 1866451, 2799734, -50.003081
dataset/1080p/0117.png, QOI Index, 780357, 3897670, -399.472677
dataset/720p/0085.png, QOI Index, 1821482, 3486918, -91.433020
dataset/720p/0100.png, QOI Diff/Luma, 1654716, 1315920, 20.474571
dataset/720p/0074.png, QOI Run, 2054422, 4020114, -95.681024
dataset/1080p/0054.png, QOI Diff/Luma, 4383150, 4748350, -8.331907
dataset/1080p/0069.png, QOI Run, 2103697, 7804021, -270.966969
dataset/1080p/0052.png, QOI Index, 2709424, 7043358, -159.957762
dataset/1080p/0095.png, QOI Index, 1783454, 5320730, -198.338505
dataset/720p/0089.png, QOI Index, 1434609, 3091306, -115.480734
dataset/1080p/0118.png, QOI Index, 2834360, 7299470, -157.535034
dataset/1080p/0029.png, QOI Diff/Luma, 880684, 2478008, -181.373115
dataset/720p/0011.png, QOI Index, 1241557, 2860518, -130.397638
dataset/1080p/0101.png, QOI Run, 2239435, 7611772, -239.896983
dataset/720p/0113.png, QOI Index, 2607178, 4586678, -75.925004
dataset/1080p/0098.png, QOI Run, 1030345, 4640512, -350.384289
dataset/1080p/0008.png, QOI Run, 3421001, 9430583, -175.667356
dataset/1080p/0083.png, QOI Index, 3662562, 10003886, -173.139021
dataset/720p/0032.png, QOI Index, 1610320, 3341938, -107.532540
dataset/720p/0081.png, QOI Run, 2146240, 4483575, -108.903711
dataset/1080p/0097.png, QOI Run, 3923534, 9679760, -146.710236
dataset/720p/0077.png, QOI Index, 1946761, 3704978, -90.314990
dataset/1080p/0016.png, QOI Run, 1462445, 6510700, -345.192811
dataset/1080p/0096.png, QOI Run, 2078308, 6658736, -220.392165
dataset/1080p/0017.png, QOI Index, 1634086, 4974082, -204.395362
dataset/1080p/0003.png, QOI Diff/Luma, 3013941, 3560623, -18.138444
dataset/1080p/0089.png, QOI Index, 1445242, 5381670, -272.371547
dataset/1080p/0088.png, QOI Diff/Luma, 3182185, 3472444, -9.121374
dataset/720p/0096.png, QOI Index, 1720043, 3502742, -103.642700
dataset/1080p/0087.png, QOI Index, 1246097, 5426106, -335.448123
dataset/1080p/0040.png, QOI Index, 1426363, 5747342, -302.936840
dataset/1080p/0032.png, QOI Run, 1546566, 6556342, -323.929014
dataset/1080p/0065.png, QOI Run, 1748575, 6094595, -248.546388
dataset/1080p/0102.png, QOI Run, 1453772, 5774320, -297.195709
dataset/720p/0062.png, QOI Index, 2568173, 4517454, -75.901468
dataset/1080p/0019.png, QOI Diff/Luma, 4063153, 4784578, -17.755300
dataset/1080p/0080.png, QOI Run, 2309784, 7677482, -232.389609
dataset/1080p/0036.png, QOI Index, 4641461, 9188114, -97.957367
dataset/720p/0112.png, QOI Run, 1481874, 4043999, -172.897628
dataset/1080p/0022.png, QOI Diff/Luma, 1374675, 2641327, -92.141924
dataset/1080p/0071.png, QOI Index, 2720539, 8062318, -196.350025
dataset/1080p/0057.png, QOI Diff/Luma, 2192029, 3067071, -39.919271
dataset/720p/0098.png, QOI Diff/Luma, 1166789, 1201327, -2.960090
dataset/720p/0095.png, QOI Index, 1363526, 2826782, -107.314125
dataset/1080p/0023.png, QOI Index, 2010216, 7470458, -271.624641
dataset/720p/0016.png, QOI Run, 1194278, 3471014, -190.637021
dataset/1080p/0111.png, QOI Index, 3235506, 7809082, -141.355819
dataset/720p/0103.png, QOI Index, 588818, 1769886, -200.582863
dataset/1080p/0112.png, QOI Run, 1903743, 8536140, -348.387204
dataset/1080p/0041.png, QOI Run, 2493025, 9552772, -283.179952
dataset/1080p/0099.png, QOI Index, 2525899, 7311638, -189.466760
dataset/1080p/0064.png, QOI Run, 3762403, 10164980, -170.172547
dataset/1080p/0053.png, QOI Diff/Luma, 1371969, 2502864, -82.428612
dataset/1080p/0005.png, QOI Index, 1827087, 5651594, -209.322654
dataset/720p/0057.png, QOI Index, 1476331, 2914870, -97.440140
dataset/720p/0099.png, QOI Diff/Luma, 1820150, 1536537, 15.581848
dataset/1080p/0030.png, QOI Run, 1636656, 6815019, -316.398987
dataset/1080p/0076.png, QOI Run, 1548847, 6364991, -310.950275
dataset/720p/0105.png, QOI Index, 2617121, 4526250, -72.947678
dataset/720p/0073.png, QOI Run, 1321772, 3656959, -176.670939
dataset/1080p/0110.png, QOI Diff/Luma, 1570948, 2756590, -75.473026
dataset/1080p/0043.png, QOI Run, 2987431, 8772521, -193.647652
dataset/1080p/0024.png, QOI Diff/Luma, 1486380, 2583643, -73.821163
dataset/1080p/0107.png, QOI Diff/Luma, 2969558, 3396206, -14.367391
dataset/1080p/0020.png, QOI Index, 1956834, 7343474, -275.273222
dataset/1080p/0116.png, QOI Index, 1843659, 7288958, -295.352828
dataset/1080p/0068.png, QOI Diff/Luma, 2664134, 3299846, -23.861863
dataset/1080p/0045.png, QOI Run, 1580359, 4942448, -212.742105
dataset/1080p/0037.png, QOI Index, 3241450, 8153666, -151.543784
dataset/720p/0031.png, QOI Index, 191437, 1187534, -520.326269
dataset/720p/0036.png, QOI Run, 2490304, 4422747, -77.598679
dataset/1080p/0055.png, QOI Diff/Luma, 2610764, 3356903, -28.579335
dataset/1080p/0028.png, QOI Index, 3176181, 9579706, -201.610834
dataset/720p/0084.png, QOI Index, 1953359, 3892838, -99.289429
dataset/720p/0087.png, QOI Diff/Luma, 1332601, 1140048, 14.449411
dataset/720p/0067.png, QOI Run, 1387616, 2920202, -110.447415
dataset/720p/0045.png, QOI Diff/Luma, 1208170, 1255840, -3.945637
